1.269531250000000000e-02 4.492187499999999653e-03 1.000000000000000000e+02 1.000000000000000000e+02 6.000000000000000000e+00 6.500000000000000000e+01 2.300000000000000000e+01 1.000000000000000000e+01 3.000000000000000000e+00 8.000000000000000000e+01 7.298000000000001708e-02 6.579746702318154403e-04 2.432666666666666311e-01 2.193248900772718640e-03 7.298000000000000398e+01 6.579746702318161056e-01 6.457333333333333769e+01 6.173309335206534909e-01 1.191333333333333400e+01 2.902775172779266666e-01 1.191333333333333400e+01 2.902775172779266666e-01 8.253333333333333854e+00 2.302050615654885890e-01 1.178666666666666707e+01 2.902239237656433768e-01 3.546666666666666856e+01 3.804870173479910633e-01 2.666666666666666838e-02 1.315435429951004008e-02 3.120000000000000551e-02 7.784314713290798248e-04
1.904296875000000000e-02 4.492187499999999653e-03 1.500000000000000000e+02 1.000000000000000000e+02 6.000000000000000000e+00 6.500000000000000000e+01 2.300000000000000000e+01 1.000000000000000000e+01 3.000000000000000000e+00 8.000000000000000000e+01 6.553333333333337396e-02 4.520570268843915893e-04 3.276666666666667727e-01 2.260285134421957838e-03 9.829999999999999716e+01 6.780855403265872994e-01 8.406000000000000227e+01 7.025180108406869905e-01 1.466000000000000014e+01 3.048977970839846230e-01 1.466000000000000014e+01 3.048977970839846230e-01 1.682666666666666799e+01 3.019560919761041795e-01 1.440000000000000036e+01 2.999259167787198255e-01 4.050666666666666771e+01 4.018564328122578577e-01 6.666666666666667095e-03 6.644407283433781397e-03 2.920000000000001067e-02 6.463573143221775169e-04
2.539062500000000000e-02 4.492187499999999653e-03 2.000000000000000000e+02 1.000000000000000000e+02 6.000000000000000000e+00 6.500000000000000000e+01 2.300000000000000000e+01 1.000000000000000000e+01 3.000000000000000000e+00 8.000000000000000000e+01 5.951333333333334169e-02 3.438974868786939007e-04 3.967555555555556390e-01 2.292649912524627812e-03 1.190266666666666708e+02 6.877949737573879618e-01 9.684666666666666401e+01 6.897172797066387639e-01 1.746000000000000085e+01 3.295289567448259627e-01 1.746000000000000085e+01 3.295289567448259627e-01 2.535333333333333172e+01 3.628451358260058046e-01 1.719999999999999929e+01 3.317294747899928176e-01 4.139333333333333087e+01 3.988758277032162791e-01 6.666666666666667095e-03 6.644407283433787469e-03 2.653333333333335320e-02 6.245037536088992366e-04
3.173828125000000000e-02 4.492187499999999653e-03 2.500000000000000000e+02 1.000000000000000000e+02 6.000000000000000000e+00 6.500000000000000000e+01 2.300000000000000000e+01 1.000000000000000000e+01 3.000000000000000000e+00 8.000000000000000000e+01 5.486133333333332446e-02 2.509994009141439651e-04 4.571777777777777940e-01 2.091661674284534325e-03 1.371533333333333360e+02 6.274985022853601935e-01 1.070066666666666606e+02 7.020919007060514305e-01 1.900666666666666771e+01 3.620308969830758894e-01 1.900666666666666771e+01 3.620308969830758894e-01 3.524666666666666970e+01 4.256171118810018750e-01 1.864666666666666828e+01 3.575393270262312573e-01 3.932000000000000028e+01 4.108873865725796715e-01 6.666666666666667095e-03 6.644407283433797010e-03 2.436190476190475823e-02 5.200360473580425968e-04
3.808593750000000000e-02 4.492187499999999653e-03 3.000000000000000000e+02 1.000000000000000000e+02 6.000000000000000000e+00 6.500000000000000000e+01 2.300000000000000000e+01 1.000000000000000000e+01 3.000000000000000000e+00 8.000000000000000000e+01 5.090444444444443967e-02 2.223629924504584403e-04 5.090444444444444105e-01 2.223629924504584836e-03 1.527133333333333383e+02 6.670889773513754006e-01 1.145133333333333354e+02 6.617644204308265055e-01 2.086666666666666714e+01 3.505762452073780677e-01 2.086666666666666714e+01 3.505762452073780677e-01 4.493333333333333002e+01 4.917692924909374264e-01 2.036666666666666714e+01 3.459501141515659017e-01 3.612666666666666515e+01 3.858953993756068512e-01 0.000000000000000000e+00 0.000000000000000000e+00 2.343333333333332685e-02 5.418828628375668439e-04
4.443359375000000000e-02 4.492187499999999653e-03 3.500000000000000000e+02 1.000000000000000000e+02 6.000000000000000000e+00 6.500000000000000000e+01 2.300000000000000000e+01 1.000000000000000000e+01 3.000000000000000000e+00 8.000000000000000000e+01 4.727047619047619609e-02 2.043967804045800692e-04 5.514888888888889174e-01 2.384629104720101169e-03 1.654466666666666583e+02 7.153887314160302102e-01 1.203599999999999994e+02 6.224167949747714257e-01 2.139999999999999858e+01 3.440930106817051137e-01 2.139999999999999858e+01 3.440930106817051137e-01 5.345333333333333314e+01 5.074193240017277340e-01 2.091333333333333400e+01 3.439556388278602328e-01 3.334666666666666401e+01 3.983283588717749790e-01 1.333333333333333419e-02 9.365025558091336078e-03 2.197037037037037274e-02 5.095678974957193940e-04
1.269531250000000000e-02 8.984374999999999306e-03 1.000000000000000000e+02 2.000000000000000000e+02 6.000000000000000000e+00 6.500000000000000000e+01 2.300000000000000000e+01 1.000000000000000000e+01 3.000000000000000000e+00 8.000000000000000000e+01 1.373400000000000176e-01 9.239446832888736178e-04 2.288999999999998258e-01 1.539907805481457222e-03 1.373400000000000034e+02 9.239446832888740246e-01 1.027866666666666617e+02 6.891274139029679446e-01 2.093333333333333357e+01 3.980694151266323533e-01 2.093333333333333357e+01 3.980694151266323533e-01 1.537333333333333307e+01 3.172866445579056727e-01 2.061333333333333329e+01 3.922342459598648357e-01 6.998000000000000398e+01 5.362810208587782679e-01 0.000000000000000000e+00 0.000000000000000000e+00 3.195555555555557731e-02 8.190248140871771295e-04
1.904296875000000000e-02 8.984374999999999306e-03 1.500000000000000000e+02 2.000000000000000000e+02 6.000000000000000000e+00 6.500000000000000000e+01 2.300000000000000000e+01 1.000000000000000000e+01 3.000000000000000000e+00 8.000000000000000000e+01 1.260977777777778086e-01 5.850275643324907935e-04 3.152444444444445493e-01 1.462568910831226442e-03 1.891466666666666754e+02 8.775413464987360523e-01 1.300666666666666629e+02 7.752657847712854933e-01 2.786666666666666714e+01 4.291248631204536701e-01 2.786666666666666714e+01 4.291248631204536701e-01 3.144000000000000128e+01 4.307595359104401389e-01 2.704666666666666686e+01 4.248227517098988604e-01 8.065333333333333599e+01 5.590457478133145086e-01 0.000000000000000000e+00 0.000000000000000000e+00 3.300952380952382192e-02 7.472576216652531073e-04
2.539062500000000000e-02 8.984374999999999306e-03 2.000000000000000000e+02 2.000000000000000000e+02 6.000000000000000000e+00 6.500000000000000000e+01 2.300000000000000000e+01 1.000000000000000000e+01 3.000000000000000000e+00 8.000000000000000000e+01 1.171899999999999470e-01 4.496336780585329421e-04 3.906333333333335545e-01 1.498778926861776871e-03 2.343799999999999955e+02 8.992673561170660967e-01 1.497266666666666595e+02 8.505107833488014801e-01 3.405333333333333456e+01 4.247652074752373275e-01 3.405333333333333456e+01 4.247652074752373275e-01 5.011999999999999744e+01 5.098949782934607544e-01 3.288666666666666316e+01 4.207439619073355952e-01 8.211333333333332973e+01 6.073283327029160850e-01 6.666666666666667095e-03 6.644407283433796142e-03 3.473333333333333134e-02 9.183761837149383806e-04
3.173828125000000000e-02 8.984374999999999306e-03 2.500000000000000000e+02 2.000000000000000000e+02 6.000000000000000000e+00 6.500000000000000000e+01 2.300000000000000000e+01 1.000000000000000000e+01 3.000000000000000000e+00 8.000000000000000000e+01 1.083351351351351105e-01 3.650360770277840056e-04 4.513963963963963377e-01 1.520983654282433411e-03 2.708378378378378102e+02 9.125901925694598349e-01 1.632770270270270316e+02 8.562610972416981880e-01 3.820270270270270174e+01 5.003613978302001719e-01 3.820270270270270174e+01 5.003613978302001719e-01 6.897297297297296836e+01 5.784782960190603118e-01 3.660810810810810523e+01 4.913082310130104102e-01 7.860810810810811233e+01 5.269087822250603237e-01 6.756756756756757132e-03 6.733891186081902153e-03 3.525525525525526754e-02 8.616705296219830243e-04
3.808593750000000000e-02 8.984374999999999306e-03 3.000000000000000000e+02 2.000000000000000000e+02 6.000000000000000000e+00 6.500000000000000000e+01 2.300000000000000000e+01 1.000000000000000000e+01 3.000000000000000000e+00 8.000000000000000000e+01 1.011333333333332973e-01 3.471364338465550946e-04 5.056666666666669308e-01 1.735682169232775473e-03 3.033999999999999773e+02 1.041409301539665266e+00 1.729266666666666765e+02 8.320842193841606615e-01 4.143999999999999773e+01 4.793031979400465548e-01 4.143999999999999773e+01 4.793031979400465548e-01 8.907999999999999829e+01 6.357861275617768815e-01 3.947999999999999687e+01 4.753216454851039163e-01 7.262666666666666515e+01 5.145480577202711236e-01 1.333333333333333419e-02 9.365025558091343016e-03 3.689333333333329884e-02 9.509829612525100544e-04
4.443359375000000000e-02 8.984374999999999306e-03 3.500000000000000000e+02 2.000000000000000000e+02 6.000000000000000000e+00 6.500000000000000000e+01 2.300000000000000000e+01 1.000000000000000000e+01 3.000000000000000000e+00 8.000000000000000000e+01 9.424571428571432152e-02 2.796438291860095060e-04 5.497666666666666258e-01 1.631255670251722037e-03 3.298600000000000136e+02 9.787534021510327920e-01 1.846466666666666754e+02 9.122444441737782572e-01 4.289333333333333087e+01 4.854456524488415803e-01 4.289333333333333087e+01 4.854456524488415803e-01 1.077600000000000051e+02 7.036211101627540820e-01 4.066666666666666430e+01 4.830152209855334000e-01 6.627333333333332632e+01 5.006570497670850273e-01 2.000000000000000042e-02 1.143095213298815291e-02 3.825454545454548549e-02 1.165765728480917546e-03
1.269531250000000000e-02 1.347656250000000069e-02 1.000000000000000000e+02 3.000000000000000000e+02 6.000000000000000000e+00 6.500000000000000000e+01 2.300000000000000000e+01 1.000000000000000000e+01 3.000000000000000000e+00 8.000000000000000000e+01 2.014400000000001745e-01 9.514190571048182759e-04 2.238222222222222557e-01 1.057132285672020668e-03 2.014399999999999977e+02 9.514190571048188882e-01 1.313533333333333246e+02 6.876133711237356616e-01 3.039999999999999858e+01 4.341018825626590805e-01 3.039999999999999858e+01 4.341018825626590805e-01 2.153999999999999915e+01 3.839710637245699609e-01 2.955999999999999872e+01 4.235805052695940098e-01 1.055933333333333337e+02 6.484920399865566898e-01 2.000000000000000042e-02 1.143095213298815291e-02 3.280000000000000276e-02 7.734913631637321168e-04
1.904296875000000000e-02 1.347656250000000069e-02 1.500000000000000000e+02 3.000000000000000000e+02 6.000000000000000000e+00 6.500000000000000000e+01 2.300000000000000000e+01 1.000000000000000000e+01 3.000000000000000000e+00 8.000000000000000000e+01 1.840399999999999536e-01 6.436080396032784964e-04 3.067333333333333023e-01 1.072680066005464450e-03 2.760600000000000023e+02 9.654120594049178106e-01 1.640733333333333235e+02 8.426464484213043171e-01 4.100000000000000000e+01 5.239168721170266441e-01 4.100000000000000000e+01 5.239168721170266441e-01 4.402666666666666373e+01 4.584947998412648995e-01 3.947333333333333627e+01 5.186903736370126472e-01 1.210533333333333275e+02 7.251535724959946583e-01 6.666666666666667095e-03 6.644407283433795275e-03 3.914074074074074677e-02 1.024642688119780645e-03
2.539062500000000000e-02 1.347656250000000069e-02 2.000000000000000000e+02 3.000000000000000000e+02 6.000000000000000000e+00 6.500000000000000000e+01 2.300000000000000000e+01 1.000000000000000000e+01 3.000000000000000000e+00 8.000000000000000000e+01 1.700233333333334429e-01 5.658884198353092724e-04 3.778296296296297929e-01 1.257529821856243719e-03 3.400466666666666811e+02 1.131776839670619372e+00 1.839466666666666583e+02 9.380256649730579488e-01 4.964666666666666828e+01 5.912800928055570449e-01 4.964666666666666828e+01 5.912800928055570449e-01 7.030666666666667197e+01 5.524850257732817349e-01 4.709333333333333371e+01 5.865414007679381481e-01 1.243466666666666640e+02 7.077969995645594370e-01 2.000000000000000042e-02 1.143095213298815464e-02 4.657333333333329300e-02 1.367864407401931520e-03
3.173828125000000000e-02 1.347656250000000069e-02 2.500000000000000000e+02 3.000000000000000000e+02 6.000000000000000000e+00 6.500000000000000000e+01 2.300000000000000000e+01 1.000000000000000000e+01 3.000000000000000000e+00 8.000000000000000000e+01 1.584373333333333189e-01 4.711532392065398097e-04 4.401037037037037747e-01 1.308758997795943886e-03 3.960933333333333053e+02 1.177883098016349495e+00 1.990666666666666629e+02 9.618808735050378145e-01 5.724000000000000199e+01 6.315891773050651414e-01 5.724000000000000199e+01 6.315891773050651414e-01 9.777333333333332632e+01 7.369092612114869212e-01 5.405333333333333456e+01 6.119394789731464890e-01 1.200199999999999960e+02 7.070106081240929985e-01 2.666666666666666838e-02 1.315435429951000192e-02 5.140606060606064259e-02 1.414176853812778569e-03
3.808593750000000000e-02 1.347656250000000069e-02 3.000000000000000000e+02 3.000000000000000000e+02 6.000000000000000000e+00 6.500000000000000000e+01 2.300000000000000000e+01 1.000000000000000000e+01 3.000000000000000000e+00 8.000000000000000000e+01 1.488111111111111162e-01 3.471139090322102592e-04 4.960370370370368320e-01 1.157046363440700177e-03 4.464333333333333371e+02 1.041341727096630088e+00 2.094066666666666663e+02 8.394758505780280933e-01 6.253333333333333144e+01 6.148290939885773243e-01 6.253333333333333144e+01 6.148290939885773243e-01 1.275866666666666731e+02 7.069927968620437486e-01 5.847333333333333627e+01 6.119329423441149940e-01 1.119800000000000040e+02 6.535693451263522302e-01 2.666666666666666838e-02 1.315435429951002620e-02 5.778888888888887576e-02 1.831783632343122548e-03
4.443359375000000000e-02 1.347656250000000069e-02 3.500000000000000000e+02 3.000000000000000000e+02 6.000000000000000000e+00 6.500000000000000000e+01 2.300000000000000000e+01 1.000000000000000000e+01 3.000000000000000000e+00 8.000000000000000000e+01 1.403542857142857647e-01 3.185304123357239159e-04 5.458222222222224307e-01 1.238729381305593916e-03 4.912400000000000091e+02 1.114856443175034073e+00 2.186800000000000068e+02 1.008070544268714563e+00 6.654666666666666686e+01 6.159066788378226853e-01 6.654666666666666686e+01 6.159066788378226853e-01 1.575733333333333235e+02 8.150444659535338587e-01 6.159333333333333371e+01 5.891686547192609424e-01 1.013133333333333326e+02 6.225493584477488351e-01 4.000000000000000083e-02 1.599999999999998646e-02 6.716923076923073110e-02 2.333815898253930373e-03
1.269531250000000000e-02 1.796874999999999861e-02 1.000000000000000000e+02 4.000000000000000000e+02 6.000000000000000000e+00 6.500000000000000000e+01 2.300000000000000000e+01 1.000000000000000000e+01 3.000000000000000000e+00 8.000000000000000000e+01 2.551066666666667593e-01 1.107635987805326945e-03 2.125888888888889383e-01 9.230299898377719841e-04 2.551066666666666549e+02 1.107635987805326350e+00 1.545800000000000125e+02 7.429831761217747799e-01 3.730666666666666487e+01 5.117244628957324792e-01 3.730666666666666487e+01 5.117244628957324792e-01 2.724666666666666615e+01 4.109540841252938836e-01 3.593999999999999773e+01 4.952422527298016020e-01 1.361200000000000045e+02 7.089848768172387627e-01 1.333333333333333419e-02 9.365025558091341282e-03 3.474666666666662018e-02 9.818887317214108814e-04
1.904296875000000000e-02 1.796874999999999861e-02 1.500000000000000000e+02 4.000000000000000000e+02 6.000000000000000000e+00 6.500000000000000000e+01 2.300000000000000000e+01 1.000000000000000000e+01 3.000000000000000000e+00 8.000000000000000000e+01 2.371466666666666723e-01 8.174182784690519482e-04 2.964333333333335485e-01 1.021772848086314935e-03 3.557200000000000273e+02 1.226127417703577915e+00 1.926733333333333462e+02 8.824459274169802470e-01 5.197999999999999687e+01 5.806869495118115454e-01 5.197999999999999687e+01 5.806869495118115454e-01 5.534000000000000341e+01 5.833870451462257467e-01 4.941333333333333400e+01 5.464378925096341488e-01 1.608666666666666742e+02 7.916040910941760655e-01 2.666666666666666838e-02 1.315435429951001232e-02 4.623030303030299659e-02 1.330945152314528656e-03
2.539062500000000000e-02 1.796874999999999861e-02 2.000000000000000000e+02 4.000000000000000000e+02 6.000000000000000000e+00 6.500000000000000000e+01 2.300000000000000000e+01 1.000000000000000000e+01 3.000000000000000000e+00 8.000000000000000000e+01 2.227566666666666584e-01 6.850910185542531628e-04 3.712611111111113749e-01 1.141818364257087557e-03 4.455133333333333212e+02 1.370182037108505391e+00 2.133400000000000034e+02 1.013106553571187174e+00 6.514666666666666117e+01 6.499495137088499019e-01 6.514666666666666117e+01 6.499495137088499019e-01 9.039333333333333087e+01 7.597600010919627334e-01 6.084000000000000341e+01 6.487649805592159424e-01 1.668933333333333451e+02 8.358706261759076828e-01 1.333333333333333419e-02 9.365025558091325669e-03 6.412222222222224710e-02 2.457877065839927933e-03
3.173828125000000000e-02 1.796874999999999861e-02 2.500000000000000000e+02 4.000000000000000000e+02 6.000000000000000000e+00 6.500000000000000000e+01 2.300000000000000000e+01 1.000000000000000000e+01 3.000000000000000000e+00 8.000000000000000000e+01 2.083573333333333111e-01 5.268694518182460247e-04 4.340777777777777846e-01 1.097644691288012994e-03 5.208933333333333167e+02 1.317173629545615343e+00 2.251200000000000045e+02 9.892273078856377300e-01 7.498666666666666458e+01 6.383998514805361291e-01 7.498666666666666458e+01 6.383998514805361291e-01 1.284466666666666583e+02 8.745048969644567682e-01 6.885333333333333883e+01 6.281816203520668163e-01 1.617466666666666697e+02 8.295748130038482770e-01 3.333333333333333287e-02 1.465656217585880293e-02 8.331282051282051793e-02 2.869476597857141542e-03
3.808593750000000000e-02 1.796874999999999861e-02 3.000000000000000000e+02 4.000000000000000000e+02 6.000000000000000000e+00 6.500000000000000000e+01 2.300000000000000000e+01 1.000000000000000000e+01 3.000000000000000000e+00 8.000000000000000000e+01 1.955533333333333290e-01 4.273470269950187012e-04 4.888833333333335029e-01 1.068367567487547593e-03 5.866599999999999682e+02 1.282041080985056869e+00 2.317400000000000091e+02 9.661115647561393516e-01 8.403333333333333144e+01 6.416933616380727790e-01 8.403333333333333144e+01 6.416933616380727790e-01 1.659133333333333269e+02 8.781767307156174152e-01 7.619333333333332803e+01 6.227320926845341109e-01 1.505399999999999920e+02 7.593347966037995445e-01 5.333333333333333676e-02 1.834645994715581457e-02 1.000095238095238537e-01 3.673043228828997819e-03
4.443359375000000000e-02 1.796874999999999861e-02 3.500000000000000000e+02 4.000000000000000000e+02 6.000000000000000000e+00 6.500000000000000000e+01 2.300000000000000000e+01 1.000000000000000000e+01 3.000000000000000000e+00 8.000000000000000000e+01 1.851657142857143223e-01 4.106210770701380973e-04 5.400666666666668059e-01 1.197644808121236691e-03 6.480800000000000409e+02 1.437173769745483609e+00 2.343866666666666561e+02 1.105894777661627248e+00 9.226666666666666572e+01 7.251462176947743865e-01 9.226666666666666572e+01 7.251462176947743865e-01 2.057333333333333201e+02 1.000473961754202001e+00 8.204666666666666686e+01 6.796951386331091527e-01 1.356866666666666674e+02 7.857699220321240352e-01 8.000000000000000167e-02 2.215099696778151384e-02 1.260266666666666757e-01 5.028231920557521030e-03
1.269531250000000000e-02 2.246093750000000000e-02 1.000000000000000000e+02 5.000000000000000000e+02 6.000000000000000000e+00 6.500000000000000000e+01 2.300000000000000000e+01 1.000000000000000000e+01 3.000000000000000000e+00 8.000000000000000000e+01 3.070466666666665789e-01 1.155559957256574368e-03 2.046977777777777285e-01 7.703733048377158117e-04 3.070466666666666811e+02 1.155559957256573789e+00 1.799000000000000057e+02 8.448405503735931799e-01 4.442666666666666941e+01 4.443568802629674908e-01 4.442666666666666941e+01 4.443568802629674908e-01 3.145333333333333314e+01 4.017281188583660123e-01 4.253333333333333144e+01 4.424845676321296217e-01 1.674133333333333269e+02 8.302174637027562865e-01 2.000000000000000042e-02 1.143095213298815811e-02 3.723333333333334744e-02 8.983977507309988484e-04
1.904296875000000000e-02 2.246093750000000000e-02 1.500000000000000000e+02 5.000000000000000000e+02 6.000000000000000000e+00 6.500000000000000000e+01 2.300000000000000000e+01 1.000000000000000000e+01 3.000000000000000000e+00 8.000000000000000000e+01 2.863333333333333286e-01 9.301904756487533584e-04 2.863333333333333286e-01 9.301904756487533584e-04 4.295000000000000000e+02 1.395285713473130240e+00 2.202599999999999909e+02 1.008692442940089418e+00 6.184666666666666401e+01 5.779455312025840730e-01 6.184666666666666401e+01 5.779455312025840730e-01 6.531999999999999318e+01 5.854016664744909892e-01 5.811333333333333684e+01 5.785450461030415825e-01 1.986800000000000068e+02 9.337770373893095055e-01 0.000000000000000000e+00 0.000000000000000000e+00 5.430769230769232764e-02 1.768375861826792855e-03
2.539062500000000000e-02 2.246093750000000000e-02 2.000000000000000000e+02 5.000000000000000000e+02 6.000000000000000000e+00 6.500000000000000000e+01 2.300000000000000000e+01 1.000000000000000000e+01 3.000000000000000000e+00 8.000000000000000000e+01 2.692966666666668507e-01 6.345093759339955281e-04 3.590622222222220050e-01 8.460125012453272985e-04 5.385933333333333621e+02 1.269018751867990291e+00 2.435133333333333212e+02 8.868288907571066915e-01 7.756666666666666288e+01 6.502933810838621431e-01 7.756666666666666288e+01 6.502933810838621431e-01 1.062866666666666617e+02 7.216854757620704275e-01 7.155333333333332746e+01 6.429471494897827100e-01 2.102066666666666777e+02 7.816959719690210751e-01 2.666666666666666838e-02 1.315435429951001059e-02 8.514285714285714513e-02 2.977771008893380107e-03
3.173828125000000000e-02 2.246093750000000000e-02 2.500000000000000000e+02 5.000000000000000000e+02 6.000000000000000000e+00 6.500000000000000000e+01 2.300000000000000000e+01 1.000000000000000000e+01 3.000000000000000000e+00 8.000000000000000000e+01 2.551039999999999419e-01 6.380824607107351805e-04 4.251733333333334031e-01 1.063470767851224831e-03 6.377599999999999909e+02 1.595206151776837222e+00 2.510466666666666526e+02 1.092574397839714440e+00 9.244666666666667254e+01 7.857925463669948041e-01 9.244666666666667254e+01 7.857925463669948041e-01 1.542933333333333223e+02 8.561695920612750754e-01 8.315999999999999659e+01 7.563702796911047077e-01 2.038600000000000136e+02 9.337156359882212708e-01 8.000000000000000167e-02 2.215099696778153812e-02 1.262311111111111828e-01 5.206362628450889388e-03
3.808593750000000000e-02 2.246093750000000000e-02 3.000000000000000000e+02 5.000000000000000000e+02 6.000000000000000000e+00 6.500000000000000000e+01 2.300000000000000000e+01 1.000000000000000000e+01 3.000000000000000000e+00 8.000000000000000000e+01 2.410555555555554952e-01 4.678653036792015571e-04 4.821111111111109904e-01 9.357306073584031143e-04 7.231666666666666288e+02 1.403595911037603949e+00 2.515999999999999943e+02 1.109434290277907742e+00 1.050999999999999943e+02 7.388730157025177325e-01 1.050999999999999943e+02 7.388730157025177325e-01 2.033466666666666640e+02 1.074884455461419863e+00 9.206000000000000227e+01 7.027077786834453610e-01 1.903333333333333428e+02 9.232149944221691440e-01 1.799999999999999933e-01 3.136877428271624829e-02 2.014916666666666800e-01 8.093513320577805717e-03
4.443359375000000000e-02 2.246093750000000000e-02 3.500000000000000000e+02 5.000000000000000000e+02 6.000000000000000000e+00 6.500000000000000000e+01 2.300000000000000000e+01 1.000000000000000000e+01 3.000000000000000000e+00 8.000000000000000000e+01 2.282095238095238621e-01 4.513334572627502304e-04 5.324888888888887895e-01 1.053111400279750556e-03 7.987333333333333485e+02 1.579667100419626102e+00 2.513199999999999932e+02 1.313597942886466363e+00 1.163066666666666720e+02 8.660996435702953411e-01 1.163066666666666720e+02 8.660996435702953411e-01 2.501200000000000045e+02 1.104975414507791687e+00 1.001266666666666652e+02 7.862313296375967875e-01 1.731666666666666572e+02 8.436121629525510368e-01 3.333333333333333148e-01 3.849001794597501497e-02 2.735529411764705543e-01 1.021411809874835964e-02
1.269531250000000000e-02 2.695312500000000139e-02 1.000000000000000000e+02 6.000000000000000000e+02 6.000000000000000000e+00 6.500000000000000000e+01 2.300000000000000000e+01 1.000000000000000000e+01 3.000000000000000000e+00 8.000000000000000000e+01 3.510266666666667645e-01 1.110353163704299803e-03 1.950148148148148075e-01 6.168628687246112668e-04 3.510266666666666424e+02 1.110353163704301371e+00 2.051333333333333258e+02 8.417266205269402501e-01 4.884000000000000341e+01 5.272216485185967638e-01 4.884000000000000341e+01 5.272216485185967638e-01 3.458666666666666600e+01 4.524684560316925008e-01 4.671999999999999886e+01 5.086906940589951409e-01 1.974399999999999977e+02 8.993568072053865770e-01 1.333333333333333419e-02 9.365025558091341282e-03 3.800000000000001293e-02 1.085964883360026863e-03
1.904296875000000000e-02 2.695312500000000139e-02 1.500000000000000000e+02 6.000000000000000000e+02 6.000000000000000000e+00 6.500000000000000000e+01 2.300000000000000000e+01 1.000000000000000000e+01 3.000000000000000000e+00 8.000000000000000000e+01 3.320355555555555838e-01 1.015315540160069592e-03 2.766962962962963846e-01 8.460962834667254190e-04 4.980533333333333417e+02 1.522973310240105516e+00 2.501800000000000068e+02 9.875253020668497417e-01 7.075333333333333030e+01 6.903742409683260028e-01 7.075333333333333030e+01 6.903742409683260028e-01 7.407333333333333769e+01 6.696663624798824266e-01 6.603333333333333144e+01 6.730637524148916917e-01 2.359199999999999875e+02 9.934237095351948765e-01 1.333333333333333419e-02 9.365025558091343016e-03 6.474666666666664683e-02 2.458785567945240974e-03
2.539062500000000000e-02 2.695312500000000139e-02 2.000000000000000000e+02 6.000000000000000000e+02 6.000000000000000000e+00 6.500000000000000000e+01 2.300000000000000000e+01 1.000000000000000000e+01 3.000000000000000000e+00 8.000000000000000000e+01 3.160766666666667835e-01 7.139364532360427482e-04 3.511962962962960622e-01 7.932627258178246614e-04 6.321533333333333076e+02 1.427872906472083869e+00 2.748399999999999750e+02 1.062578833676719681e+00 9.169333333333332803e+01 7.747657232518265769e-01 9.169333333333332803e+01 7.747657232518265769e-01 1.228266666666666680e+02 7.809820977698764821e-01 8.279333333333333655e+01 7.214982354127441599e-01 2.521866666666666674e+02 9.997060308651477545e-01 8.000000000000000167e-02 2.215099696778151037e-02 1.129999999999999893e-01 3.947766597851386575e-03
3.173828125000000000e-02 2.695312500000000139e-02 2.500000000000000000e+02 6.000000000000000000e+02 6.000000000000000000e+00 6.500000000000000000e+01 2.300000000000000000e+01 1.000000000000000000e+01 3.000000000000000000e+00 8.000000000000000000e+01 2.996320000000000650e-01 6.169000063039209057e-04 4.161555555555556674e-01 8.568055643110016615e-04 7.490800000000000409e+02 1.542250015759802917e+00 2.807666666666666515e+02 9.851076271337241286e-01 1.091333333333333400e+02 7.891298536526961671e-01 1.091333333333333400e+02 7.891298536526961671e-01 1.777333333333333201e+02 9.240811251864881060e-01 9.573333333333333428e+01 7.484898376311044377e-01 2.484733333333333292e+02 8.514926327947318629e-01 2.866666666666666807e-01 3.692234092333875756e-02 2.144235294117647073e-01 7.808215825103429451e-03
3.808593750000000000e-02 2.695312500000000139e-02 3.000000000000000000e+02 6.000000000000000000e+02 6.000000000000000000e+00 6.500000000000000000e+01 2.300000000000000000e+01 1.000000000000000000e+01 3.000000000000000000e+00 8.000000000000000000e+01 2.849444444444445557e-01 4.879528075406795555e-04 4.749074074074072227e-01 8.132546792344653476e-04 8.548333333333333712e+02 1.463858422622037914e+00 2.758199999999999932e+02 1.157739943932910132e+00 1.278866666666666703e+02 8.910686052483608455e-01 1.278866666666666703e+02 8.910686052483608455e-01 2.371533333333333360e+02 1.037378605124652964e+00 1.071666666666666714e+02 8.703213540177325847e-01 2.314533333333333474e+02 9.971776467908113339e-01 5.333333333333333259e-01 4.073400617738519303e-02 3.664666666666667183e-01 1.105514333867648955e-02
4.443359375000000000e-02 2.695312500000000139e-02 3.500000000000000000e+02 6.000000000000000000e+02 6.000000000000000000e+00 6.500000000000000000e+01 2.300000000000000000e+01 1.000000000000000000e+01 3.000000000000000000e+00 8.000000000000000000e+01 2.707123809523810376e-01 4.514627004713186119e-04 5.263851851851851782e-01 8.778441398053421279e-04 9.474933333333333394e+02 1.580119451649614648e+00 2.680000000000000000e+02 1.258429356159671109e+00 1.469533333333333474e+02 8.957845309704370873e-01 1.469533333333333474e+02 8.957845309704370873e-01 2.954200000000000159e+02 1.226966267760537077e+00 1.170666666666666629e+02 8.268100234121590342e-01 2.104199999999999875e+02 1.016716720079339220e+00 8.266666666666666607e-01 3.090726871237993792e-02 5.314456140350873881e-01 9.773412198712919802e-03
1.269531250000000000e-02 3.144531250000000278e-02 1.000000000000000000e+02 7.000000000000000000e+02 6.000000000000000000e+00 6.500000000000000000e+01 2.300000000000000000e+01 1.000000000000000000e+01 3.000000000000000000e+00 8.000000000000000000e+01 3.928400000000000780e-01 1.248326168203735785e-03 1.870666666666667977e-01 5.944410324779694473e-04 3.928399999999999750e+02 1.248326168203736097e+00 2.313733333333333348e+02 8.871200177686928701e-01 5.357999999999999829e+01 5.776788804248333964e-01 5.357999999999999829e+01 5.776788804248333964e-01 3.645333333333333314e+01 4.383389522242313596e-01 5.115333333333333599e+01 5.603757998317174804e-01 2.264933333333333394e+02 9.138318185490102996e-01 6.666666666666667095e-03 6.644407283433784867e-03 3.775000000000001271e-02 1.026861453383290769e-03
1.904296875000000000e-02 3.144531250000000278e-02 1.500000000000000000e+02 7.000000000000000000e+02 6.000000000000000000e+00 6.500000000000000000e+01 2.300000000000000000e+01 1.000000000000000000e+01 3.000000000000000000e+00 8.000000000000000000e+01 3.755111111111110733e-01 9.550420670285882140e-04 2.682222222222221952e-01 6.821729050204203542e-04 5.632666666666666515e+02 1.432563100542882495e+00 2.858533333333333530e+02 1.018250642214563406e+00 7.797333333333332916e+01 6.238195370576451459e-01 7.797333333333332916e+01 6.238195370576451459e-01 8.088666666666667027e+01 6.419094201705591862e-01 7.198000000000000398e+01 6.189216428595787356e-01 2.764399999999999977e+02 1.032644071196739732e+00 4.000000000000000083e-02 1.599999999999998299e-02 7.092549019607843896e-02 2.359555061809130456e-03
2.539062500000000000e-02 3.144531250000000278e-02 2.000000000000000000e+02 7.000000000000000000e+02 6.000000000000000000e+00 6.500000000000000000e+01 2.300000000000000000e+01 1.000000000000000000e+01 3.000000000000000000e+00 8.000000000000000000e+01 3.593533333333330249e-01 7.636250776783458328e-04 3.422412698412698462e-01 7.272619787412815855e-04 7.187066666666667061e+02 1.527250155356691508e+00 3.080333333333333599e+02 1.132918224632168291e+00 1.040066666666666606e+02 8.154342628544845040e-01 1.040066666666666606e+02 8.154342628544845040e-01 1.361933333333333280e+02 8.300841545913907327e-01 9.281333333333333258e+01 7.963464721487147902e-01 2.936933333333333280e+02 1.105740442385068079e+00 7.333333333333333370e-02 2.128466671190873752e-02 1.405925925925926301e-01 5.081283514842248501e-03
3.173828125000000000e-02 3.144531250000000278e-02 2.500000000000000000e+02 7.000000000000000000e+02 6.000000000000000000e+00 6.500000000000000000e+01 2.300000000000000000e+01 1.000000000000000000e+01 3.000000000000000000e+00 8.000000000000000000e+01 3.430506666666664484e-01 6.779791846471504291e-04 4.083936507936508642e-01 8.071180769608935022e-04 8.576266666666666652e+02 1.694947961617875976e+00 3.140000000000000000e+02 1.075876903326356882e+00 1.267933333333333366e+02 9.973429886638983666e-01 1.267933333333333366e+02 9.973429886638983666e-01 2.005133333333333212e+02 1.018571403340827297e+00 1.075000000000000000e+02 9.029211851909704212e-01 2.925266666666666424e+02 1.016429334775710069e+00 5.066666666666667096e-01 4.082120001139569188e-02 3.365824561403509829e-01 1.061745775949444158e-02
3.808593750000000000e-02 3.144531250000000278e-02 3.000000000000000000e+02 7.000000000000000000e+02 6.000000000000000000e+00 6.500000000000000000e+01 2.300000000000000000e+01 1.000000000000000000e+01 3.000000000000000000e+00 8.000000000000000000e+01 3.268933333333333136e-01 5.371835100380410949e-04 4.669904761904763446e-01 7.674050143400586296e-04 9.806799999999999500e+02 1.611550530114123303e+00 3.039133333333333553e+02 1.085538746600216875e+00 1.538066666666666720e+02 9.643741397826266493e-01 1.538066666666666720e+02 9.643741397826266493e-01 2.675199999999999818e+02 1.118360705079834982e+00 1.223266666666666680e+02 8.228134210900587275e-01 2.741600000000000250e+02 1.031119348626098997e+00 8.666666666666666963e-01 2.775554665954839406e-02 5.458200000000001939e-01 9.536880785199692775e-03
4.443359375000000000e-02 3.144531250000000278e-02 3.500000000000000000e+02 7.000000000000000000e+02 6.000000000000000000e+00 6.500000000000000000e+01 2.300000000000000000e+01 1.000000000000000000e+01 3.000000000000000000e+00 8.000000000000000000e+01 3.121352380952380767e-01 4.766831483124923767e-04 5.202253968253969241e-01 7.944719138541534191e-04 1.092473333333333358e+03 1.668391019093723449e+00 2.898266666666666538e+02 1.222083709322971279e+00 1.814533333333333474e+02 1.041477013846378696e+00 1.814533333333333474e+02 1.041477013846378696e+00 3.379399999999999977e+02 1.221737560471424011e+00 1.329933333333333394e+02 9.488939370149347408e-01 2.498000000000000114e+02 1.003859219877634601e+00 1.000000000000000000e+00 0.000000000000000000e+00 6.941460317460319551e-01 5.334923320565607141e-03
1.269531250000000000e-02 3.593749999999999722e-02 1.000000000000000000e+02 8.000000000000000000e+02 6.000000000000000000e+00 6.500000000000000000e+01 2.300000000000000000e+01 1.000000000000000000e+01 3.000000000000000000e+00 8.000000000000000000e+01 4.342066666666667407e-01 1.240153992827474228e-03 1.809194444444444660e-01 5.167308303447806393e-04 4.342066666666666492e+02 1.240153992827474072e+00 2.578399999999999750e+02 1.110558618193764779e+00 5.781333333333333258e+01 6.344472076219259682e-01 5.781333333333333258e+01 6.344472076219259682e-01 3.940666666666666629e+01 4.653406557844758651e-01 5.499333333333333229e+01 6.267728042505895658e-01 2.549533333333333474e+02 1.131659024683737691e+00 3.333333333333333287e-02 1.465656217585880987e-02 3.949629629629630018e-02 1.013737555648880654e-03
1.904296875000000000e-02 3.593749999999999722e-02 1.500000000000000000e+02 8.000000000000000000e+02 6.000000000000000000e+00 6.500000000000000000e+01 2.300000000000000000e+01 1.000000000000000000e+01 3.000000000000000000e+00 8.000000000000000000e+01 4.173155555555556062e-01 9.303857512293141514e-04 2.608222222222221776e-01 5.814910945183210736e-04 6.259733333333333576e+02 1.395578626843970937e+00 3.169533333333333189e+02 1.120489443320459300e+00 8.645333333333333314e+01 7.323379102673946983e-01 8.645333333333333314e+01 7.323379102673946983e-01 8.830666666666667197e+01 6.717106961030615553e-01 7.892000000000000171e+01 7.079560563889383262e-01 3.116600000000000250e+02 1.104971794511818262e+00 4.000000000000000083e-02 1.599999999999997258e-02 8.502456140350873881e-02 2.965676582342326693e-03
2.539062500000000000e-02 3.593749999999999722e-02 2.000000000000000000e+02 8.000000000000000000e+02 6.000000000000000000e+00 6.500000000000000000e+01 2.300000000000000000e+01 1.000000000000000000e+01 3.000000000000000000e+00 8.000000000000000000e+01 4.002433333333335064e-01 7.223839647947562920e-04 3.335361111111110888e-01 6.019866373289640103e-04 8.004866666666666788e+02 1.444767929589514166e+00 3.457200000000000273e+02 1.098690938243225279e+00 1.146666666666666714e+02 8.123308940828743996e-01 1.146666666666666714e+02 8.123308940828743996e-01 1.487266666666666595e+02 8.253697712293922573e-01 1.006733333333333320e+02 7.359043818725770070e-01 3.368933333333333167e+02 1.090327032150004483e+00 2.200000000000000011e-01 3.382306905057556878e-02 1.957066666666666122e-01 6.951339098278781770e-03
3.173828125000000000e-02 3.593749999999999722e-02 2.500000000000000000e+02 8.000000000000000000e+02 6.000000000000000000e+00 6.500000000000000000e+01 2.300000000000000000e+01 1.000000000000000000e+01 3.000000000000000000e+00 8.000000000000000000e+01 3.825200000000000822e-01 6.352350396156964101e-04 3.984583333333330812e-01 6.617031662663506531e-04 9.562999999999999545e+02 1.588087599039241571e+00 3.478733333333333348e+02 1.237499150766637079e+00 1.450399999999999920e+02 9.384090555592241589e-01 1.450399999999999920e+02 9.384090555592241589e-01 2.200066666666666606e+02 1.023696859064859632e+00 1.182199999999999989e+02 8.534307236091281945e-01 3.340133333333333212e+02 1.169158735222957768e+00 6.999999999999999556e-01 3.741657386773938887e-02 4.378285714285713448e-01 1.017834265530831797e-02
3.808593750000000000e-02 3.593749999999999722e-02 3.000000000000000000e+02 8.000000000000000000e+02 6.000000000000000000e+00 6.500000000000000000e+01 2.300000000000000000e+01 1.000000000000000000e+01 3.000000000000000000e+00 8.000000000000000000e+01 3.665555555555554679e-01 5.701173079778994526e-04 4.581944444444444597e-01 7.126466349723744242e-04 1.099666666666666742e+03 1.710351923933698393e+00 3.385933333333333053e+02 1.244047039720378667e+00 1.805000000000000000e+02 1.083564077990365693e+00 1.805000000000000000e+02 1.083564077990365693e+00 2.944533333333333189e+02 1.185826918855142686e+00 1.352866666666666617e+02 8.402823158738796927e-01 3.188000000000000114e+02 1.178322725081904165e+00 1.000000000000000000e+00 0.000000000000000000e+00 6.555939393939391735e-01 4.995687665936108732e-03
4.443359375000000000e-02 3.593749999999999722e-02 3.500000000000000000e+02 8.000000000000000000e+02 6.000000000000000000e+00 6.500000000000000000e+01 2.300000000000000000e+01 1.000000000000000000e+01 3.000000000000000000e+00 8.000000000000000000e+01 3.516914285714281552e-01 5.172789087018289829e-04 5.128833333333334688e-01 7.543650751901669234e-04 1.230920000000000073e+03 1.810476180456400686e+00 3.178999999999999773e+02 1.238197614814910530e+00 2.187666666666666799e+02 1.234266913926973297e+00 2.187666666666666799e+02 1.234266913926973297e+00 3.751333333333333258e+02 1.277103203579331936e+00 1.484533333333333474e+02 8.942575650183746117e-01 2.913466666666666924e+02 1.079217274660633441e+00 1.000000000000000000e+00 0.000000000000000000e+00 7.663072463768116904e-01 2.935202322227167728e-03
1.269531250000000000e-02 4.042968749999999861e-02 1.000000000000000000e+02 9.000000000000000000e+02 6.000000000000000000e+00 6.500000000000000000e+01 2.300000000000000000e+01 1.000000000000000000e+01 3.000000000000000000e+00 8.000000000000000000e+01 4.703933333333332190e-01 1.125577251079705856e-03 1.742197530864197652e-01 4.168804633628542234e-04 4.703933333333333167e+02 1.125577251079706409e+00 2.808066666666666720e+02 1.093727435746083776e+00 6.216666666666666430e+01 6.102397828662045054e-01 6.216666666666666430e+01 6.102397828662045054e-01 4.178666666666666885e+01 5.071564883778020283e-01 5.885333333333333172e+01 6.012865219522899318e-01 2.790799999999999841e+02 1.092256380159896345e+00 1.333333333333333419e-02 9.365025558091337812e-03 4.021333333333329541e-02 1.173014603173915980e-03
1.904296875000000000e-02 4.042968749999999861e-02 1.500000000000000000e+02 9.000000000000000000e+02 6.000000000000000000e+00 6.500000000000000000e+01 2.300000000000000000e+01 1.000000000000000000e+01 3.000000000000000000e+00 8.000000000000000000e+01 4.552622222222221238e-01 9.350068946291861067e-04 2.529234567901234021e-01 5.194482747939927272e-04 6.828933333333333167e+02 1.402510341943779881e+00 3.538266666666666538e+02 1.148864044433715037e+00 9.247333333333332916e+01 7.186219322296540923e-01 9.247333333333332916e+01 7.186219322296540923e-01 9.234000000000000341e+01 6.707097401674999571e-01 8.421333333333333826e+01 6.996244495230068416e-01 3.505799999999999841e+02 1.143921908756595718e+00 2.666666666666666838e-02 1.315435429951000365e-02 9.053333333333334065e-02 3.355376607683595910e-03
2.539062500000000000e-02 4.042968749999999861e-02 2.000000000000000000e+02 9.000000000000000000e+02 6.000000000000000000e+00 6.500000000000000000e+01 2.300000000000000000e+01 1.000000000000000000e+01 3.000000000000000000e+00 8.000000000000000000e+01 4.387333333333335306e-01 7.996758602593195256e-04 3.249876543209876401e-01 5.923524890809769806e-04 8.774666666666666970e+02 1.599351720518636943e+00 3.838466666666666924e+02 1.223682481207774231e+00 1.261066666666666691e+02 8.254909201555515885e-01 1.261066666666666691e+02 8.254909201555515885e-01 1.598000000000000114e+02 9.086253353280441258e-01 1.082999999999999972e+02 8.207719943240430194e-01 3.784333333333333371e+02 1.231202363244669584e+00 3.733333333333333504e-01 3.949308425159653996e-02 2.802909090909090906e-01 9.062267284621698324e-03
3.173828125000000000e-02 4.042968749999999861e-02 2.500000000000000000e+02 9.000000000000000000e+02 6.000000000000000000e+00 6.500000000000000000e+01 2.300000000000000000e+01 1.000000000000000000e+01 3.000000000000000000e+00 8.000000000000000000e+01 4.216293333333336335e-01 6.896940040766333727e-04 3.903975308641975395e-01 6.386055593302161380e-04 1.054073333333333267e+03 1.724235010191584205e+00 3.882066666666666492e+02 1.242517039155839109e+00 1.630999999999999943e+02 9.834067769183252317e-01 1.630999999999999943e+02 9.834067769183252317e-01 2.378266666666666538e+02 1.081346759746758979e+00 1.287333333333333201e+02 8.848184580487139517e-01 3.796666666666666856e+02 1.196352481194091544e+00 9.399999999999999467e-01 1.939071942966531445e-02 5.464289855072466118e-01 7.123148848185579217e-03
3.808593750000000000e-02 4.042968749999999861e-02 3.000000000000000000e+02 9.000000000000000000e+02 6.000000000000000000e+00 6.500000000000000000e+01 2.300000000000000000e+01 1.000000000000000000e+01 3.000000000000000000e+00 8.000000000000000000e+01 4.047000000000001152e-01 5.741402590282594556e-04 4.496666666666666590e-01 6.379336211425108314e-04 1.214099999999999909e+03 1.722420777084777477e+00 3.740666666666666629e+02 1.318203041742530335e+00 2.070933333333333337e+02 1.251713373888116099e+00 2.070933333333333337e+02 1.251713373888116099e+00 3.208466666666666924e+02 1.088270255105848072e+00 1.477866666666666617e+02 9.546883920557146519e-01 3.615266666666666424e+02 1.287674792162356141e+00 1.000000000000000000e+00 0.000000000000000000e+00 7.157222222222221486e-01 3.592925719568586425e-03
4.443359375000000000e-02 4.042968749999999861e-02 3.500000000000000000e+02 9.000000000000000000e+02 6.000000000000000000e+00 6.500000000000000000e+01 2.300000000000000000e+01 1.000000000000000000e+01 3.000000000000000000e+00 8.000000000000000000e+01 3.896990476190478891e-01 4.437301107505515606e-04 5.051654320987656321e-01 5.752056991210853162e-04 1.363946666666666715e+03 1.553055387626933070e+00 3.498399999999999750e+02 1.294126217440426885e+00 2.575333333333333599e+02 1.132810336843400600e+00 2.575333333333333599e+02 1.132810336843400600e+00 4.111399999999999864e+02 1.150807639104912461e+00 1.622599999999999909e+02 9.357316804393117637e-01 3.325066666666666606e+02 1.210793923806162908e+00 1.000000000000000000e+00 0.000000000000000000e+00 8.058773333333333344e-01 2.208502186584415661e-03
1.269531250000000000e-02 4.492187500000000000e-02 1.000000000000000000e+02 1.000000000000000000e+03 6.000000000000000000e+00 6.500000000000000000e+01 2.300000000000000000e+01 1.000000000000000000e+01 3.000000000000000000e+00 8.000000000000000000e+01 5.056133333333334701e-01 1.289230146393720213e-03 1.685377777777777863e-01 4.297433821312397458e-04 5.056133333333333439e+02 1.289230146393719467e+00 3.083000000000000114e+02 1.137980667674103996e+00 6.449333333333333940e+01 6.378259370125409777e-01 6.449333333333333940e+01 6.378259370125409777e-01 4.340666666666666629e+01 5.025354971799762538e-01 6.099333333333333229e+01 6.369019925766821189e-01 3.072333333333333485e+02 1.144820865819108802e+00 1.333333333333333419e-02 9.365025558091334343e-03 4.170303030303031122e-02 1.311397985767008990e-03
1.904296875000000000e-02 4.492187500000000000e-02 1.500000000000000000e+02 1.000000000000000000e+03 6.000000000000000000e+00 6.500000000000000000e+01 2.300000000000000000e+01 1.000000000000000000e+01 3.000000000000000000e+00 8.000000000000000000e+01 4.894222222222222585e-01 9.950726341956669593e-04 2.447111111111111292e-01 4.975363170978334797e-04 7.341333333333333258e+02 1.492608951293499908e+00 3.862866666666666902e+02 1.291350255152133641e+00 9.873333333333333428e+01 7.359750398344085953e-01 9.873333333333333428e+01 7.359750398344085953e-01 9.634000000000000341e+01 6.613676066387825792e-01 8.934666666666666401e+01 6.974867050372386412e-01 3.842133333333333098e+02 1.296408257598805402e+00 5.333333333333333676e-02 1.834645994715581457e-02 9.531014492753618617e-02 3.197204162662586890e-03
2.539062500000000000e-02 4.492187500000000000e-02 2.000000000000000000e+02 1.000000000000000000e+03 6.000000000000000000e+00 6.500000000000000000e+01 2.300000000000000000e+01 1.000000000000000000e+01 3.000000000000000000e+00 8.000000000000000000e+01 4.747733333333332695e-01 8.710859973704168993e-04 3.165155555555554945e-01 5.807239982469447441e-04 9.495466666666666242e+02 1.742171994740834284e+00 4.254800000000000182e+02 1.145531220778280401e+00 1.354000000000000057e+02 8.087850971261361099e-01 1.354000000000000057e+02 8.087850971261361099e-01 1.669733333333333292e+02 8.711650776934259932e-01 1.154800000000000040e+02 7.927852448453138745e-01 4.220266666666666424e+02 1.155775705524858532e+00 5.200000000000000178e-01 4.079215610874228209e-02 2.966611111111110421e-01 1.031444359661823698e-02
3.173828125000000000e-02 4.492187500000000000e-02 2.500000000000000000e+02 1.000000000000000000e+03 6.000000000000000000e+00 6.500000000000000000e+01 2.300000000000000000e+01 1.000000000000000000e+01 3.000000000000000000e+00 8.000000000000000000e+01 4.574159999999999338e-01 7.092794967038342554e-04 3.811799999999999633e-01 5.910662472531954658e-04 1.143539999999999964e+03 1.773198741759585584e+00 4.316999999999999886e+02 1.347351311112122474e+00 1.790999999999999943e+02 1.101665405949858734e+00 1.790999999999999943e+02 1.101665405949858734e+00 2.531266666666666652e+02 1.089068783325834788e+00 1.359066666666666663e+02 8.912586189911017032e-01 4.260933333333333053e+02 1.317618952392421994e+00 1.000000000000000000e+00 0.000000000000000000e+00 5.915146666666669661e-01 5.763277569552217698e-03
3.808593750000000000e-02 4.492187500000000000e-02 3.000000000000000000e+02 1.000000000000000000e+03 6.000000000000000000e+00 6.500000000000000000e+01 2.300000000000000000e+01 1.000000000000000000e+01 3.000000000000000000e+00 8.000000000000000000e+01 4.420911111111111014e-01 5.761935260169696914e-04 4.420911111111111014e-01 5.761935260169696914e-04 1.326273333333333312e+03 1.728580578050909144e+00 4.143399999999999750e+02 1.255984076332180344e+00 2.363133333333333326e+02 1.207794561878676287e+00 2.363133333333333326e+02 1.207794561878676287e+00 3.458399999999999750e+02 1.152700404364561004e+00 1.587466666666666697e+02 8.790998763465912580e-01 4.066000000000000227e+02 1.194282676384075703e+00 1.000000000000000000e+00 0.000000000000000000e+00 7.410102564102563072e-01 2.579860672013929105e-03
4.443359375000000000e-02 4.492187500000000000e-02 3.500000000000000000e+02 1.000000000000000000e+03 6.000000000000000000e+00 6.500000000000000000e+01 2.300000000000000000e+01 1.000000000000000000e+01 3.000000000000000000e+00 8.000000000000000000e+01 4.256666666666664156e-01 5.294444384959297875e-04 4.966111111111112808e-01 6.176851782452517621e-04 1.489833333333333258e+03 1.853055534735754462e+00 3.837133333333333098e+02 1.270602190272756671e+00 2.965733333333333235e+02 1.350533941049215869e+00 2.965733333333333235e+02 1.350533941049215869e+00 4.423733333333333348e+02 1.293283389642782222e+00 1.775800000000000125e+02 9.773556159351620698e-01 3.723733333333333348e+02 1.201722714057398944e+00 1.000000000000000000e+00 0.000000000000000000e+00 8.244395061728393426e-01 1.770458136732027104e-03
1.269531250000000000e-02 4.941406250000000139e-02 1.000000000000000000e+02 1.100000000000000000e+03 6.000000000000000000e+00 6.500000000000000000e+01 2.300000000000000000e+01 1.000000000000000000e+01 3.000000000000000000e+00 8.000000000000000000e+01 5.330733333333333990e-01 1.324809308430351714e-03 1.615373737373737850e-01 4.014573661910154738e-04 5.330733333333333803e+02 1.324809308430350718e+00 3.307733333333333121e+02 1.178139650906052660e+00 6.712000000000000455e+01 6.673276723036605240e-01 6.712000000000000455e+01 6.673276723036605240e-01 4.332000000000000028e+01 4.768712847532572963e-01 6.323333333333333428e+01 6.310074249724564321e-01 3.301999999999999886e+02 1.188463059772765451e+00 2.666666666666666838e-02 1.315435429950999671e-02 3.965555555555554806e-02 1.375562436409523632e-03
1.904296875000000000e-02 4.941406250000000139e-02 1.500000000000000000e+02 1.100000000000000000e+03 6.000000000000000000e+00 6.500000000000000000e+01 2.300000000000000000e+01 1.000000000000000000e+01 3.000000000000000000e+00 8.000000000000000000e+01 5.227688888888888386e-01 9.945577671826679508e-04 2.376222222222221514e-01 4.520717123557585438e-04 7.841533333333333076e+02 1.491836650774002848e+00 4.172799999999999727e+02 1.272132767354798633e+00 1.038199999999999932e+02 7.092449819663474431e-01 1.038199999999999932e+02 7.092449819663474431e-01 1.020133333333333354e+02 7.050287096859827463e-01 9.322666666666667368e+01 7.052278854174515166e-01 4.161133333333333439e+02 1.272706186453510524e+00 9.333333333333333759e-02 2.375180305046648011e-02 1.116799999999999460e-01 4.047820812898382872e-03
2.539062500000000000e-02 4.941406250000000139e-02 2.000000000000000000e+02 1.100000000000000000e+03 6.000000000000000000e+00 6.500000000000000000e+01 2.300000000000000000e+01 1.000000000000000000e+01 3.000000000000000000e+00 8.000000000000000000e+01 5.087800000000000100e-01 8.617357161244073617e-04 3.083515151515152652e-01 5.222640703784283854e-04 1.017559999999999945e+03 1.723471432248814050e+00 4.627333333333333485e+02 1.433679544750861012e+00 1.452133333333333383e+02 1.019480768350750965e+00 1.452133333333333383e+02 1.019480768350750965e+00 1.766399999999999864e+02 8.877076595866960629e-01 1.215066666666666606e+02 9.146096516081676508e-01 4.606866666666666674e+02 1.446839825786352396e+00 6.466666666666666119e-01 3.902895411434004896e-02 3.453384615384615941e-01 9.163430248105780898e-03
3.173828125000000000e-02 4.941406250000000139e-02 2.500000000000000000e+02 1.100000000000000000e+03 6.000000000000000000e+00 6.500000000000000000e+01 2.300000000000000000e+01 1.000000000000000000e+01 3.000000000000000000e+00 8.000000000000000000e+01 4.946213333333334683e-01 6.714446029381838542e-04 3.747131313131314978e-01 5.086701537410483415e-04 1.236553333333333285e+03 1.678611507345457055e+00 4.709666666666666401e+02 1.346614410427264819e+00 1.993733333333333348e+02 1.131902888126073981e+00 1.993733333333333348e+02 1.131902888126073981e+00 2.687533333333333303e+02 1.156544149771365326e+00 1.473066666666666720e+02 9.975501843869164498e-01 4.679466666666666583e+02 1.346758632723330518e+00 1.000000000000000000e+00 0.000000000000000000e+00 6.246222222222221898e-01 4.428215527754940546e-03
3.808593750000000000e-02 4.941406250000000139e-02 3.000000000000000000e+02 1.100000000000000000e+03 6.000000000000000000e+00 6.500000000000000000e+01 2.300000000000000000e+01 1.000000000000000000e+01 3.000000000000000000e+00 8.000000000000000000e+01 4.778711111111111354e-01 5.756352297205875098e-04 4.344282828282827746e-01 5.233047542914430429e-04 1.433613333333333230e+03 1.726905689161761792e+00 4.556999999999999886e+02 1.352093027700222772e+00 2.637466666666666697e+02 1.256951750746106988e+00 2.637466666666666697e+02 1.256951750746106988e+00 3.662333333333333485e+02 1.215983065184221168e+00 1.716266666666666652e+02 9.587745264620833874e-01 4.510000000000000000e+02 1.341143790451518436e+00 1.000000000000000000e+00 0.000000000000000000e+00 7.623428571428576550e-01 2.067337174530869612e-03
4.443359375000000000e-02 4.941406250000000139e-02 3.500000000000000000e+02 1.100000000000000000e+03 6.000000000000000000e+00 6.500000000000000000e+01 2.300000000000000000e+01 1.000000000000000000e+01 3.000000000000000000e+00 8.000000000000000000e+01 4.598114285714286487e-01 5.514003118015758367e-04 4.876787878787878783e-01 5.848185125168228965e-04 1.609339999999999918e+03 1.929901091305516125e+00 4.271933333333333280e+02 1.323889779456035143e+00 3.290799999999999841e+02 1.484004192866193561e+00 3.290799999999999841e+02 1.484004192866193561e+00 4.711800000000000068e+02 1.402222680049229453e+00 1.870999999999999943e+02 1.040544729136298585e+00 4.200733333333333235e+02 1.298515277509635579e+00 1.000000000000000000e+00 0.000000000000000000e+00 8.393333333333331536e-01 1.392237000258030521e-03
1.269531250000000000e-02 5.390625000000000278e-02 1.000000000000000000e+02 1.200000000000000000e+03 6.000000000000000000e+00 6.500000000000000000e+01 2.300000000000000000e+01 1.000000000000000000e+01 3.000000000000000000e+00 8.000000000000000000e+01 5.658066666666665689e-01 1.377491977525873400e-03 1.571685185185185130e-01 3.826366604238543847e-04 5.658066666666666151e+02 1.377491977525875821e+00 3.554333333333333371e+02 1.197828281763539282e+00 6.943333333333333712e+01 6.687578313837055921e-01 6.943333333333333712e+01 6.687578313837055921e-01 4.474666666666666970e+01 5.365889522751128293e-01 6.554666666666666686e+01 6.780748347206830839e-01 3.551066666666666833e+02 1.197892470287033051e+00 2.666666666666666838e-02 1.315435429951001926e-02 4.037435897435897453e-02 1.215973819458179882e-03
1.904296875000000000e-02 5.390625000000000278e-02 1.500000000000000000e+02 1.200000000000000000e+03 6.000000000000000000e+00 6.500000000000000000e+01 2.300000000000000000e+01 1.000000000000000000e+01 3.000000000000000000e+00 8.000000000000000000e+01 5.534311111111110959e-01 1.077727589514922667e-03 2.305962962962962992e-01 4.490531622978844806e-04 8.301466666666666470e+02 1.616591384272384468e+00 4.531600000000000250e+02 1.304695111255243845e+00 1.066733333333333320e+02 8.276068130682813218e-01 1.066733333333333320e+02 8.276068130682813218e-01 1.037999999999999972e+02 7.306009702825323471e-01 9.539333333333333087e+01 7.967654982862016899e-01 4.525000000000000000e+02 1.306011740631249696e+00 1.066666666666666735e-01 2.520435000668057660e-02 1.168888888888889172e-01 4.601626585307102418e-03
2.539062500000000000e-02 5.390625000000000278e-02 2.000000000000000000e+02 1.200000000000000000e+03 6.000000000000000000e+00 6.500000000000000000e+01 2.300000000000000000e+01 1.000000000000000000e+01 3.000000000000000000e+00 8.000000000000000000e+01 5.408166666666667233e-01 7.811589206168361322e-04 3.004537037037036673e-01 4.339771781204640119e-04 1.081633333333333439e+03 1.562317841233670457e+00 5.022200000000000273e+02 1.299362920819276068e+00 1.528933333333333451e+02 8.462805768861855205e-01 1.528933333333333451e+02 8.462805768861855205e-01 1.845533333333333417e+02 9.248440909648460995e-01 1.257999999999999972e+02 7.850265388295271096e-01 5.010866666666666447e+02 1.303599688611557283e+00 7.733333333333333171e-01 3.418468359649671356e-02 3.926285714285715489e-01 8.036366661349285748e-03
3.173828125000000000e-02 5.390625000000000278e-02 2.500000000000000000e+02 1.200000000000000000e+03 6.000000000000000000e+00 6.500000000000000000e+01 2.300000000000000000e+01 1.000000000000000000e+01 3.000000000000000000e+00 8.000000000000000000e+01 5.239653333333336160e-01 7.420709679548725610e-04 3.638648148148147521e-01 5.153270610797726359e-04 1.309913333333333412e+03 1.855177419887181323e+00 5.145266666666666424e+02 1.474153517308354422e+00 2.105666666666666629e+02 1.130286754831776319e+00 2.105666666666666629e+02 1.130286754831776319e+00 2.775799999999999841e+02 1.117309068948943995e+00 1.527400000000000091e+02 9.011316342367649002e-01 5.129600000000000364e+02 1.469932122393563301e+00 1.000000000000000000e+00 0.000000000000000000e+00 6.383080459770116288e-01 3.782243382753905630e-03
3.808593750000000000e-02 5.390625000000000278e-02 3.000000000000000000e+02 1.200000000000000000e+03 6.000000000000000000e+00 6.500000000000000000e+01 2.300000000000000000e+01 1.000000000000000000e+01 3.000000000000000000e+00 8.000000000000000000e+01 5.107800000000000118e-01 6.281922329044523079e-04 4.256499999999999728e-01 5.234935274203766703e-04 1.532339999999999918e+03 1.884576698713356535e+00 4.991733333333333462e+02 1.434115962045116932e+00 2.875199999999999818e+02 1.338115424352058325e+00 2.875199999999999818e+02 1.338115424352058325e+00 3.881333333333333258e+02 1.362242160448612793e+00 1.779066666666666663e+02 9.318248126560493283e-01 4.965333333333333599e+02 1.419003301747522539e+00 1.000000000000000000e+00 0.000000000000000000e+00 7.705199999999998717e-01 2.039093189885404778e-03
4.443359375000000000e-02 5.390625000000000278e-02 3.500000000000000000e+02 1.200000000000000000e+03 6.000000000000000000e+00 6.500000000000000000e+01 2.300000000000000000e+01 1.000000000000000000e+01 3.000000000000000000e+00 8.000000000000000000e+01 4.938590476190478085e-01 5.718648916226604139e-04 4.801407407407408123e-01 5.559797557442531591e-04 1.728506666666666661e+03 2.001527120679311267e+00 4.678399999999999750e+02 1.380469485356340620e+00 3.667266666666666879e+02 1.494877079054155011e+00 3.667266666666666879e+02 1.494877079054155011e+00 4.997866666666666902e+02 1.478425188177283633e+00 1.997666666666666799e+02 1.092659006142219669e+00 4.637200000000000273e+02 1.342274024018775380e+00 1.000000000000000000e+00 0.000000000000000000e+00 8.431956989247310075e-01 1.328807256127561209e-03
1.269531250000000000e-02 5.839843749999999722e-02 1.000000000000000000e+02 1.300000000000000000e+03 6.000000000000000000e+00 6.500000000000000000e+01 2.300000000000000000e+01 1.000000000000000000e+01 3.000000000000000000e+00 8.000000000000000000e+01 5.933133333333331372e-01 1.241724129915665505e-03 1.521316239316239383e-01 3.183908025424783206e-04 5.933133333333333894e+02 1.241724129915664943e+00 3.764599999999999795e+02 1.276301253187855034e+00 7.142000000000000171e+01 5.934659027928880226e-01 7.142000000000000171e+01 5.934659027928880226e-01 4.656000000000000227e+01 5.049514828179039183e-01 6.706666666666666288e+01 5.654234728977067803e-01 3.762533333333333303e+02 1.276773247654384935e+00 1.333333333333333419e-02 9.365025558091337812e-03 4.127619047619049408e-02 1.400819110340153009e-03
1.904296875000000000e-02 5.839843749999999722e-02 1.500000000000000000e+02 1.300000000000000000e+03 6.000000000000000000e+00 6.500000000000000000e+01 2.300000000000000000e+01 1.000000000000000000e+01 3.000000000000000000e+00 8.000000000000000000e+01 5.823644444444443513e-01 8.922953985028167717e-04 2.239863247863248252e-01 3.431905378856985999e-04 8.735466666666666242e+02 1.338443097754224542e+00 4.844333333333333371e+02 1.377224799423880430e+00 1.115733333333333377e+02 6.912370017530837796e-01 1.115733333333333377e+02 6.912370017530837796e-01 1.059733333333333292e+02 6.906323457796029741e-01 9.962666666666666515e+01 7.015884622557372330e-01 4.841000000000000227e+02 1.379073763235471040e+00 1.199999999999999956e-01 2.653299832284321605e-02 1.162620689655172457e-01 4.142001931114668196e-03
2.539062500000000000e-02 5.839843749999999722e-02 2.000000000000000000e+02 1.300000000000000000e+03 6.000000000000000000e+00 6.500000000000000000e+01 2.300000000000000000e+01 1.000000000000000000e+01 3.000000000000000000e+00 8.000000000000000000e+01 5.696766666666666090e-01 8.928996044929701694e-04 2.921418803418802668e-01 4.578972330733184276e-04 1.139353333333333239e+03 1.785799208985941355e+00 5.416466666666666470e+02 1.416510161289722847e+00 1.599666666666666686e+02 9.705630286553225128e-01 1.599666666666666686e+02 9.705630286553225128e-01 1.883466666666666640e+02 9.952324872630032848e-01 1.309933333333333394e+02 8.290555090203771682e-01 5.409266666666666197e+02 1.425267122461740588e+00 8.133333333333333526e-01 3.181427585453024814e-02 4.100577777777779098e-01 7.615412407737200996e-03
3.173828125000000000e-02 5.839843749999999722e-02 2.500000000000000000e+02 1.300000000000000000e+03 6.000000000000000000e+00 6.500000000000000000e+01 2.300000000000000000e+01 1.000000000000000000e+01 3.000000000000000000e+00 8.000000000000000000e+01 5.568026666666667790e-01 6.728829825074693436e-04 3.569247863247861363e-01 4.313352451970958929e-04 1.392006666666666661e+03 1.682207456268675294e+00 5.608600000000000136e+02 1.390987818462516623e+00 2.253466666666666640e+02 1.045965228513481282e+00 2.253466666666666640e+02 1.045965228513481282e+00 2.893533333333333530e+02 1.106069584576814036e+00 1.588799999999999955e+02 9.322336378588550465e-01 5.597133333333333667e+02 1.390614146233132287e+00 1.000000000000000000e+00 0.000000000000000000e+00 6.530365591397847558e-01 2.718785148754649262e-03
3.808593750000000000e-02 5.839843749999999722e-02 3.000000000000000000e+02 1.300000000000000000e+03 6.000000000000000000e+00 6.500000000000000000e+01 2.300000000000000000e+01 1.000000000000000000e+01 3.000000000000000000e+00 8.000000000000000000e+01 5.404333333333330991e-01 6.971175220191887538e-04 4.157179487179485378e-01 5.362442477070675966e-04 1.621299999999999955e+03 2.091352566057563145e+00 5.446399999999999864e+02 1.484116796841362884e+00 3.068000000000000114e+02 1.399079062177053023e+00 3.068000000000000114e+02 1.399079062177053023e+00 4.012533333333333303e+02 1.384266726599454822e+00 1.863133333333333326e+02 9.743892293998172027e-01 5.431733333333332894e+02 1.481253123140948924e+00 1.000000000000000000e+00 0.000000000000000000e+00 7.702541666666665732e-01 1.936779406022428587e-03
4.443359375000000000e-02 5.839843749999999722e-02 3.500000000000000000e+02 1.300000000000000000e+03 6.000000000000000000e+00 6.500000000000000000e+01 2.300000000000000000e+01 1.000000000000000000e+01 3.000000000000000000e+00 8.000000000000000000e+01 5.252685714285720842e-01 5.867623916956423965e-04 4.713948717948717171e-01 5.265816335730121207e-04 1.838440000000000055e+03 2.053668370934746967e+00 5.109266666666666765e+02 1.333003181347097277e+00 3.977133333333333098e+02 1.533343091756387722e+00 3.977133333333333098e+02 1.533343091756387722e+00 5.232599999999999909e+02 1.431966169681082590e+00 2.098000000000000114e+02 1.062408165965939455e+00 5.084333333333333371e+02 1.329474972951240952e+00 1.000000000000000000e+00 0.000000000000000000e+00 8.433414141414142806e-01 1.237416026213389178e-03
1.269531250000000000e-02 6.289062500000000555e-02 1.000000000000000000e+02 1.400000000000000000e+03 6.000000000000000000e+00 6.500000000000000000e+01 2.300000000000000000e+01 1.000000000000000000e+01 3.000000000000000000e+00 8.000000000000000000e+01 6.179599999999996207e-01 1.117810558388337636e-03 1.471333333333332827e-01 2.661453710448418450e-04 6.179600000000000364e+02 1.117810558388336428e+00 3.967866666666666902e+02 1.234453065276428729e+00 7.310666666666666913e+01 6.852831801795790101e-01 7.310666666666666913e+01 6.852831801795790101e-01 4.712666666666666515e+01 5.415448410010150759e-01 6.864666666666666117e+01 6.805969057732691452e-01 3.966666666666666856e+02 1.234203896955142543e+00 5.333333333333333676e-02 1.834645994715581457e-02 3.949333333333332474e-02 1.231242351608756664e-03
1.904296875000000000e-02 6.289062500000000555e-02 1.500000000000000000e+02 1.400000000000000000e+03 6.000000000000000000e+00 6.500000000000000000e+01 2.300000000000000000e+01 1.000000000000000000e+01 3.000000000000000000e+00 8.000000000000000000e+01 6.091600000000000348e-01 9.712800259909018519e-04 2.175571428571428656e-01 3.468857235681793412e-04 9.137400000000000091e+02 1.456920038986354582e+00 5.144933333333333394e+02 1.404998906023035010e+00 1.157800000000000011e+02 7.651213411392120411e-01 1.157800000000000011e+02 7.651213411392120411e-01 1.077000000000000028e+02 6.872651113895811292e-01 1.031466666666666612e+02 7.311717637793107016e-01 5.143266666666667106e+02 1.404801185353419024e+00 1.199999999999999956e-01 2.653299832284321605e-02 1.196129032258064079e-01 4.692967853836405370e-03
2.539062500000000000e-02 6.289062500000000555e-02 2.000000000000000000e+02 1.400000000000000000e+03 6.000000000000000000e+00 6.500000000000000000e+01 2.300000000000000000e+01 1.000000000000000000e+01 3.000000000000000000e+00 8.000000000000000000e+01 5.977933333333335097e-01 7.560744623333030693e-04 2.846634920634920074e-01 3.600354582539533159e-04 1.195586666666666588e+03 1.512148924666604888e+00 5.803999999999999773e+02 1.536489505333505479e+00 1.659000000000000057e+02 8.645486940852116220e-01 1.659000000000000057e+02 8.645486940852116220e-01 1.927199999999999989e+02 8.150321057070902819e-01 1.349266666666666765e+02 8.291412782266115444e-01 5.799866666666666788e+02 1.542695668602827030e+00 8.266666666666666607e-01 3.090726871237995180e-02 4.050291666666668289e-01 7.119696702406588633e-03
3.173828125000000000e-02 6.289062500000000555e-02 2.500000000000000000e+02 1.400000000000000000e+03 6.000000000000000000e+00 6.500000000000000000e+01 2.300000000000000000e+01 1.000000000000000000e+01 3.000000000000000000e+00 8.000000000000000000e+01 5.843840000000000146e-01 6.761551958603060622e-04 3.478476190476192387e-01 4.024733308692298350e-04 1.460960000000000036e+03 1.690387989650765643e+00 6.015666666666667197e+02 1.524799926159106533e+00 2.374600000000000080e+02 1.183765367141835556e+00 2.374600000000000080e+02 1.183765367141835556e+00 2.987133333333333098e+02 1.172095432848240026e+00 1.640733333333333235e+02 1.014477278280863315e+00 6.010866666666667015e+02 1.526329996841856218e+00 1.000000000000000000e+00 0.000000000000000000e+00 6.513616161616161415e-01 2.626040000924160546e-03
3.808593750000000000e-02 6.289062500000000555e-02 3.000000000000000000e+02 1.400000000000000000e+03 6.000000000000000000e+00 6.500000000000000000e+01 2.300000000000000000e+01 1.000000000000000000e+01 3.000000000000000000e+00 8.000000000000000000e+01 5.704088888888885212e-01 6.717300065101233265e-04 4.074349206349208163e-01 4.798071475072308856e-04 1.711226666666666688e+03 2.015190019530370691e+00 5.907200000000000273e+02 1.284683099704618581e+00 3.268799999999999955e+02 1.410119616675597376e+00 3.268799999999999955e+02 1.410119616675597376e+00 4.153066666666666720e+02 1.303975005440983992e+00 1.945266666666666708e+02 1.041951018966786657e+00 5.898533333333333530e+02 1.289216356867540991e+00 1.000000000000000000e+00 0.000000000000000000e+00 7.697254901960782769e-01 1.575833123157067668e-03
4.443359375000000000e-02 6.289062500000000555e-02 3.500000000000000000e+02 1.400000000000000000e+03 6.000000000000000000e+00 6.500000000000000000e+01 2.300000000000000000e+01 1.000000000000000000e+01 3.000000000000000000e+00 8.000000000000000000e+01 5.558685714285716006e-01 5.693780988948682559e-04 4.632238095238094822e-01 4.744817490790562836e-04 1.945539999999999964e+03 1.992823346132036821e+00 5.586333333333333258e+02 1.537889366535742042e+00 4.266399999999999864e+02 1.560748538362282334e+00 4.266399999999999864e+02 1.560748538362282334e+00 5.439400000000000546e+02 1.452300244439832966e+00 2.203600000000000136e+02 1.135968700664278463e+00 5.571266666666666652e+02 1.531137461472981354e+00 1.000000000000000000e+00 0.000000000000000000e+00 8.434095238095233871e-01 1.094181408818658673e-03
1.269531250000000000e-02 6.738281250000000000e-02 1.000000000000000000e+02 1.500000000000000000e+03 6.000000000000000000e+00 6.500000000000000000e+01 2.300000000000000000e+01 1.000000000000000000e+01 3.000000000000000000e+00 8.000000000000000000e+01 6.399666666666667947e-01 1.154216104035468834e-03 1.422148148148148217e-01 2.564924675634372778e-04 6.399666666666666970e+02 1.154216104035468149e+00 4.161999999999999886e+02 1.210142324044756856e+00 7.423333333333333428e+01 6.092192939723334311e-01 7.423333333333333428e+01 6.092192939723334311e-01 4.729333333333333655e+01 5.159282178035294875e-01 6.959999999999999432e+01 6.085319310530145076e-01 4.161533333333333076e+02 1.211930935570419532e+00 2.666666666666666838e-02 1.315435429951001232e-02 3.768333333333333951e-02 1.392895498725719690e-03
1.904296875000000000e-02 6.738281250000000000e-02 1.500000000000000000e+02 1.500000000000000000e+03 6.000000000000000000e+00 6.500000000000000000e+01 2.300000000000000000e+01 1.000000000000000000e+01 3.000000000000000000e+00 8.000000000000000000e+01 6.316844444444441597e-01 9.864603721607984738e-04 2.105614814814814051e-01 3.288201240535995997e-04 9.475266666666666424e+02 1.479690558241197662e+00 5.419466666666667152e+02 1.423759863231209177e+00 1.164866666666666646e+02 8.080559203238164567e-01 1.164866666666666646e+02 8.080559203238164567e-01 1.106533333333333360e+02 7.071687943508989660e-01 1.028666666666666600e+02 7.882845885799065755e-01 5.417933333333332939e+02 1.426239707659165523e+00 1.133333333333333276e-01 2.588292730596614480e-02 1.221818181818182525e-01 4.681278449487986416e-03
2.539062500000000000e-02 6.738281250000000000e-02 2.000000000000000000e+02 1.500000000000000000e+03 6.000000000000000000e+00 6.500000000000000000e+01 2.300000000000000000e+01 1.000000000000000000e+01 3.000000000000000000e+00 8.000000000000000000e+01 6.220966666666669642e-01 7.133130319021797157e-04 2.764874074074074040e-01 3.170280141787469499e-04 1.244193333333333385e+03 1.426626063804361966e+00 6.169933333333333394e+02 1.541211548437473988e+00 1.696399999999999864e+02 9.611696578185933149e-01 1.696399999999999864e+02 9.611696578185933149e-01 1.968000000000000114e+02 9.677005964886271627e-01 1.363600000000000136e+02 8.890584282761673229e-01 6.167666666666666515e+02 1.540055314061923530e+00 8.266666666666666607e-01 3.090726871237993792e-02 4.196078431372549100e-01 7.398921680563641176e-03
3.173828125000000000e-02 6.738281250000000000e-02 2.500000000000000000e+02 1.500000000000000000e+03 6.000000000000000000e+00 6.500000000000000000e+01 2.300000000000000000e+01 1.000000000000000000e+01 3.000000000000000000e+00 8.000000000000000000e+01 6.089946666666663511e-01 6.982363730088776655e-04 3.383303703703705034e-01 3.879090961160431054e-04 1.522486666666666679e+03 1.745590932522194327e+00 6.447333333333333485e+02 1.526322134825823573e+00 2.449799999999999898e+02 1.084577541923325672e+00 2.449799999999999898e+02 1.084577541923325672e+00 3.036000000000000227e+02 1.146589144666330107e+00 1.680800000000000125e+02 9.752273808935245647e-01 6.442533333333333303e+02 1.524705776110166111e+00 1.000000000000000000e+00 0.000000000000000000e+00 6.479961904761907254e-01 2.300160675317081214e-03
3.808593750000000000e-02 6.738281250000000000e-02 3.000000000000000000e+02 1.500000000000000000e+03 6.000000000000000000e+00 6.500000000000000000e+01 2.300000000000000000e+01 1.000000000000000000e+01 3.000000000000000000e+00 8.000000000000000000e+01 5.987888888888890371e-01 6.691835206893093297e-04 3.991925925925924323e-01 4.461223471262067619e-04 1.796366666666666561e+03 2.007550562067928812e+00 6.364933333333333394e+02 1.710561874334256549e+00 3.453666666666666742e+02 1.520187610254198018e+00 3.453666666666666742e+02 1.520187610254198018e+00 4.290733333333333235e+02 1.306227704045054505e+00 2.009199999999999875e+02 1.195306376345969701e+00 6.359600000000000364e+02 1.711370600814837051e+00 1.000000000000000000e+00 0.000000000000000000e+00 7.659037037037037532e-01 1.472403172356730617e-03
4.443359375000000000e-02 6.738281250000000000e-02 3.500000000000000000e+02 1.500000000000000000e+03 6.000000000000000000e+00 6.500000000000000000e+01 2.300000000000000000e+01 1.000000000000000000e+01 3.000000000000000000e+00 8.000000000000000000e+01 5.842876190476185005e-01 5.438453606183123873e-04 4.544459259259258643e-01 4.229908360364650335e-04 2.045006666666666661e+03 1.903458762164092155e+00 6.054133333333332985e+02 1.571727617529100840e+00 4.521266666666666652e+02 1.550692939492726019e+00 4.521266666666666652e+02 1.550692939492726019e+00 5.636466666666666470e+02 1.483483488030540531e+00 2.276466666666666754e+02 1.013339327467651652e+00 6.045933333333333621e+02 1.567676175934491933e+00 1.000000000000000000e+00 0.000000000000000000e+00 8.393513513513513047e-01 9.512011893503604125e-04
1.269531250000000000e-02 7.187499999999999445e-02 1.000000000000000000e+02 1.600000000000000000e+03 6.000000000000000000e+00 6.500000000000000000e+01 2.300000000000000000e+01 1.000000000000000000e+01 3.000000000000000000e+00 8.000000000000000000e+01 6.620666666666669142e-01 1.166368215794144582e-03 1.379305555555555562e-01 2.429933782904466794e-04 6.620666666666667197e+02 1.166368215794144181e+00 4.353533333333333530e+02 1.153974259935026669e+00 7.580666666666667197e+01 6.735443013833058989e-01 7.580666666666667197e+01 6.735443013833058989e-01 4.728000000000000114e+01 5.097380590939711853e-01 7.105333333333332746e+01 6.322999756913322278e-01 4.353199999999999932e+02 1.154751344085239273e+00 2.666666666666666838e-02 1.315435429951002967e-02 3.681568627450978320e-02 1.216320981264002463e-03
1.904296875000000000e-02 7.187499999999999445e-02 1.500000000000000000e+02 1.600000000000000000e+03 6.000000000000000000e+00 6.500000000000000000e+01 2.300000000000000000e+01 1.000000000000000000e+01 3.000000000000000000e+00 8.000000000000000000e+01 6.565911111111109033e-01 9.453728595752047305e-04 2.051847222222221989e-01 2.954290186172513970e-04 9.848866666666666561e+02 1.418059289362806341e+00 5.746000000000000227e+02 1.651800364585394698e+00 1.183733333333333348e+02 7.475320382084957860e-01 1.183733333333333348e+02 7.475320382084957860e-01 1.110999999999999943e+02 8.404628354530486734e-01 1.047066666666666634e+02 7.155135943528283526e-01 5.745199999999999818e+02 1.653513968626949548e+00 1.600000000000000033e-01 2.993325909419157493e-02 1.249447619047618918e-01 5.283104939232403062e-03
2.539062500000000000e-02 7.187499999999999445e-02 2.000000000000000000e+02 1.600000000000000000e+03 6.000000000000000000e+00 6.500000000000000000e+01 2.300000000000000000e+01 1.000000000000000000e+01 3.000000000000000000e+00 8.000000000000000000e+01 6.454900000000001192e-01 7.472983934740460698e-04 2.689541666666667163e-01 3.113743306141852842e-04 1.290980000000000018e+03 1.494596786948090728e+00 6.543466666666666924e+02 1.669437341452812973e+00 1.742533333333333303e+02 1.032330122335622269e+00 1.742533333333333303e+02 1.032330122335622269e+00 1.992266666666666595e+02 9.205866084751092027e-01 1.391599999999999966e+02 9.473274689004501647e-01 6.542266666666666879e+02 1.666963884609559132e+00 8.666666666666666963e-01 2.775554665954838018e-02 4.148148148148149139e-01 6.534472619794087084e-03
3.173828125000000000e-02 7.187499999999999445e-02 2.500000000000000000e+02 1.600000000000000000e+03 6.000000000000000000e+00 6.500000000000000000e+01 2.300000000000000000e+01 1.000000000000000000e+01 3.000000000000000000e+00 8.000000000000000000e+01 6.355253333333333865e-01 7.284480835106713894e-04 3.310027777777777569e-01 3.794000434951414684e-04 1.588813333333333276e+03 1.821120208776679350e+00 6.869466666666667152e+02 1.563977455554102614e+00 2.557800000000000011e+02 1.260118865645441844e+00 2.557800000000000011e+02 1.260118865645441844e+00 3.095533333333333417e+02 1.014715577737773655e+00 1.737533333333333303e+02 1.006376853057725507e+00 6.867799999999999727e+02 1.561277824233868960e+00 1.000000000000000000e+00 0.000000000000000000e+00 6.418234234234229119e-01 2.150403742993278397e-03
3.808593750000000000e-02 7.187499999999999445e-02 3.000000000000000000e+02 1.600000000000000000e+03 6.000000000000000000e+00 6.500000000000000000e+01 2.300000000000000000e+01 1.000000000000000000e+01 3.000000000000000000e+00 8.000000000000000000e+01 6.235244444444445477e-01 6.278817744080051168e-04 3.897027777777777868e-01 3.924261090050032929e-04 1.870573333333333267e+03 1.883645323224014900e+00 6.852333333333333485e+02 1.614639049217891920e+00 3.569933333333333394e+02 1.401824102665814253e+00 3.569933333333333394e+02 1.401824102665814253e+00 4.370733333333333235e+02 1.268002687226969405e+00 2.052466666666666697e+02 1.075667716833147436e+00 6.849600000000000364e+02 1.615284770215112964e+00 1.000000000000000000e+00 0.000000000000000000e+00 7.590947368421052666e-01 1.315158866430966769e-03
4.443359375000000000e-02 7.187499999999999445e-02 3.500000000000000000e+02 1.600000000000000000e+03 6.000000000000000000e+00 6.500000000000000000e+01 2.300000000000000000e+01 1.000000000000000000e+01 3.000000000000000000e+00 8.000000000000000000e+01 6.103523809523810906e-01 5.725349078532301775e-04 4.450486111111109921e-01 4.174733703096466272e-04 2.136233333333333121e+03 2.003872177486304196e+00 6.529800000000000182e+02 1.774372377302277703e+00 4.734866666666666788e+02 1.715750219237875074e+00 4.734866666666666788e+02 1.715750219237875074e+00 5.763266666666667106e+02 1.442636372653796295e+00 2.372400000000000091e+02 1.170552765909242288e+00 6.526000000000000227e+02 1.772004514666934982e+00 1.000000000000000000e+00 0.000000000000000000e+00 8.337299145299146286e-01 8.510162859327285697e-04
1.269531250000000000e-02 8.984375000000000000e-02 1.000000000000000000e+02 2.000000000000000000e+03 6.000000000000000000e+00 6.500000000000000000e+01 2.300000000000000000e+01 1.000000000000000000e+01 3.000000000000000000e+00 8.000000000000000000e+01 7.377533333333331500e-01 1.291198811326269968e-03 1.229588888888889231e-01 2.151998018877115709e-04 7.377533333333333303e+02 1.291198811326269125e+00 5.064466666666666583e+02 1.302085051554421558e+00 7.781333333333333258e+01 6.769465212205412197e-01 7.781333333333333258e+01 6.769465212205412197e-01 4.735333333333333172e+01 5.005007862501688054e-01 7.281999999999999318e+01 6.445718647977810578e-01 5.064399999999999977e+02 1.301810021982214627e+00 3.333333333333333287e-02 1.465656217585882028e-02 3.241587301587300907e-02 9.449242123195907093e-04
1.904296875000000000e-02 8.984375000000000000e-02 1.500000000000000000e+02 2.000000000000000000e+03 6.000000000000000000e+00 6.500000000000000000e+01 2.300000000000000000e+01 1.000000000000000000e+01 3.000000000000000000e+00 8.000000000000000000e+01 7.336266666666668712e-01 8.358505389462814444e-04 1.834066666666667178e-01 2.089626347365703611e-04 1.100440000000000055e+03 1.253775808419423043e+00 6.747466666666666697e+02 1.546125959125413507e+00 1.244733333333333292e+02 7.837628137058738620e-01 1.244733333333333292e+02 7.837628137058738620e-01 1.128066666666666720e+02 7.624927929228308976e-01 1.099599999999999937e+02 7.705051733909527023e-01 6.747466666666666697e+02 1.546125959125413507e+00 1.400000000000000133e-01 2.833137248116772769e-02 1.192713178294574072e-01 4.551499496584373965e-03
2.539062500000000000e-02 8.984375000000000000e-02 2.000000000000000000e+02 2.000000000000000000e+03 6.000000000000000000e+00 6.500000000000000000e+01 2.300000000000000000e+01 1.000000000000000000e+01 3.000000000000000000e+00 8.000000000000000000e+01 7.271899999999998920e-01 7.810060463558820198e-04 2.423966666666667324e-01 2.603353487852934464e-04 1.454380000000000109e+03 1.562012092711762445e+00 7.882999999999999545e+02 1.715750564621793206e+00 1.856466666666666754e+02 9.496730041518580689e-01 1.856466666666666754e+02 9.496730041518580689e-01 2.040133333333333212e+02 9.613872692528651065e-01 1.472800000000000011e+02 8.542765620362324785e-01 7.882866666666666333e+02 1.716206065500078148e+00 8.933333333333333126e-01 2.520435000668057660e-02 3.979575757575757877e-01 6.159619600353507217e-03
3.173828125000000000e-02 8.984375000000000000e-02 2.500000000000000000e+02 2.000000000000000000e+03 6.000000000000000000e+00 6.500000000000000000e+01 2.300000000000000000e+01 1.000000000000000000e+01 3.000000000000000000e+00 8.000000000000000000e+01 7.204426666666663426e-01 6.441106507195566190e-04 3.001844444444446425e-01 2.683794377998150230e-04 1.801106666666666570e+03 1.610276626798893718e+00 8.508799999999999955e+02 1.897692634051503457e+00 2.758666666666666742e+02 1.274141686405808160e+00 2.758666666666666742e+02 1.274141686405808160e+00 3.222733333333333121e+02 1.183212075164386867e+00 1.839600000000000080e+02 1.019319162753038910e+00 8.508533333333333530e+02 1.898546500566898221e+00 1.000000000000000000e+00 0.000000000000000000e+00 6.144622222222217989e-01 1.863058853286532696e-03
3.808593750000000000e-02 8.984375000000000000e-02 3.000000000000000000e+02 2.000000000000000000e+03 6.000000000000000000e+00 6.500000000000000000e+01 2.300000000000000000e+01 1.000000000000000000e+01 3.000000000000000000e+00 8.000000000000000000e+01 7.110577777777778996e-01 6.251893277026183580e-04 3.555288888888889498e-01 3.125946638513091790e-04 2.133173333333333176e+03 1.875567983107852665e+00 8.648666666666666742e+02 1.835711588740735811e+00 3.937533333333333303e+02 1.414588645874495398e+00 3.937533333333333303e+02 1.414588645874495398e+00 4.615466666666666811e+02 1.367644744861818529e+00 2.206666666666666572e+02 1.085977968537183092e+00 8.648133333333333894e+02 1.834106180536307029e+00 1.000000000000000000e+00 0.000000000000000000e+00 7.271884057971018667e-01 1.199689567538664596e-03
4.443359375000000000e-02 8.984375000000000000e-02 3.500000000000000000e+02 2.000000000000000000e+03 6.000000000000000000e+00 6.500000000000000000e+01 2.300000000000000000e+01 1.000000000000000000e+01 3.000000000000000000e+00 8.000000000000000000e+01 7.030476190476185883e-01 5.625317997226191935e-04 4.101111111111111485e-01 3.281435498381944302e-04 2.460666666666666515e+03 1.968861299029165846e+00 8.444533333333333758e+02 1.644373211670409507e+00 5.363799999999999955e+02 1.545881122352053438e+00 5.363799999999999955e+02 1.545881122352053438e+00 6.197400000000000091e+02 1.509979543643629629e+00 2.594333333333333371e+02 1.199941356591754049e+00 8.444066666666666379e+02 1.645224649750953727e+00 1.000000000000000000e+00 0.000000000000000000e+00 8.048822695035460217e-01 7.990306150034286615e-04
1.269531250000000000e-02 1.123046875000000000e-01 1.000000000000000000e+02 2.500000000000000000e+03 6.000000000000000000e+00 6.500000000000000000e+01 2.300000000000000000e+01 1.000000000000000000e+01 3.000000000000000000e+00 8.000000000000000000e+01 8.076999999999999735e-01 1.038920379796041005e-03 1.076933333333333354e-01 1.385227173061392091e-04 8.077000000000000455e+02 1.038920379796043347e+00 5.768666666666666742e+02 1.391040111784197508e+00 7.815999999999999659e+01 6.407689824647324617e-01 7.815999999999999659e+01 6.407689824647324617e-01 4.597999999999999687e+01 5.072338930140829483e-01 7.351999999999999602e+01 6.362892424047416062e-01 5.768666666666666742e+02 1.391040111784197508e+00 2.666666666666666838e-02 1.315435429951000365e-02 2.647179487179487228e-02 7.827172168208516856e-04
1.904296875000000000e-02 1.123046875000000000e-01 1.500000000000000000e+02 2.500000000000000000e+03 6.000000000000000000e+00 6.500000000000000000e+01 2.300000000000000000e+01 1.000000000000000000e+01 3.000000000000000000e+00 8.000000000000000000e+01 8.032311111111107849e-01 8.215068760059783190e-04 1.606462222222221348e-01 1.643013752011957397e-04 1.204846666666666579e+03 1.232260314008968516e+00 7.825800000000000409e+02 1.737335635710932857e+00 1.248599999999999994e+02 8.397369958637183052e-01 1.248599999999999994e+02 8.397369958637183052e-01 1.099200000000000017e+02 7.630069171085904767e-01 1.101666666666666714e+02 7.807925697885690353e-01 7.825800000000000409e+02 1.737335635710932857e+00 8.000000000000000167e-02 2.215099696778152771e-02 8.873459119496859837e-02 3.183715907750551966e-03
2.539062500000000000e-02 1.123046875000000000e-01 2.000000000000000000e+02 2.500000000000000000e+03 6.000000000000000000e+00 6.500000000000000000e+01 2.300000000000000000e+01 1.000000000000000000e+01 3.000000000000000000e+00 8.000000000000000000e+01 8.005766666666666032e-01 7.129708840348821354e-04 2.134871111111110997e-01 1.901255690759685315e-04 1.601153333333333421e+03 1.425941768069765025e+00 9.338400000000000318e+02 1.885195657396512514e+00 1.865333333333333314e+02 9.529214339384227683e-01 1.865333333333333314e+02 9.529214339384227683e-01 2.010066666666666606e+02 1.118590250336622516e+00 1.492800000000000011e+02 8.937869495081649518e-01 9.338400000000000318e+02 1.885195657396512514e+00 8.666666666666666963e-01 2.775554665954839406e-02 3.467481481481480832e-01 5.784648094236179497e-03
3.173828125000000000e-02 1.123046875000000000e-01 2.500000000000000000e+02 2.500000000000000000e+03 6.000000000000000000e+00 6.500000000000000000e+01 2.300000000000000000e+01 1.000000000000000000e+01 3.000000000000000000e+00 8.000000000000000000e+01 7.969813333333334304e-01 6.123770709595819555e-04 2.656604444444445323e-01 2.041256903198603988e-04 1.992453333333333376e+03 1.530942677398953844e+00 1.031126666666666779e+03 2.242088246190079293e+00 2.792799999999999727e+02 1.345746220090879408e+00 2.792799999999999727e+02 1.345746220090879408e+00 3.201066666666666833e+02 1.263193366623448277e+00 1.882466666666666697e+02 1.011926069616931434e+00 1.031126666666666779e+03 2.242088246190079293e+00 1.000000000000000000e+00 0.000000000000000000e+00 5.556121212121215569e-01 1.812949778481464085e-03
3.808593750000000000e-02 1.123046875000000000e-01 3.000000000000000000e+02 2.500000000000000000e+03 6.000000000000000000e+00 6.500000000000000000e+01 2.300000000000000000e+01 1.000000000000000000e+01 3.000000000000000000e+00 8.000000000000000000e+01 7.928044444444444228e-01 5.852355158852700799e-04 3.171217777777778357e-01 2.340942063541077772e-04 2.378413333333333412e+03 1.755706547655808913e+00 1.080599999999999909e+03 1.900268986807453375e+00 4.044599999999999795e+02 1.388448534636172349e+00 4.044599999999999795e+02 1.388448534636172349e+00 4.620400000000000205e+02 1.307138690252704682e+00 2.306399999999999864e+02 1.157479253473781888e+00 1.080599999999999909e+03 1.900268986807453375e+00 1.000000000000000000e+00 0.000000000000000000e+00 6.761833333333334695e-01 1.013705046544989379e-03
4.443359375000000000e-02 1.123046875000000000e-01 3.500000000000000000e+02 2.500000000000000000e+03 6.000000000000000000e+00 6.500000000000000000e+01 2.300000000000000000e+01 1.000000000000000000e+01 3.000000000000000000e+00 8.000000000000000000e+01 7.864780952380961976e-01 5.016399168706920124e-04 3.670231111111111888e-01 2.340986278729893799e-04 2.752673333333333176e+03 1.755739709047420938e+00 1.083893333333333430e+03 1.968849560680700606e+00 5.563933333333333167e+02 1.442186508717206772e+00 5.563933333333333167e+02 1.442186508717206772e+00 6.297200000000000273e+02 1.493902272573410794e+00 2.698000000000000114e+02 1.167637691143009748e+00 1.083893333333333430e+03 1.968849560680700606e+00 1.000000000000000000e+00 0.000000000000000000e+00 7.572187134502923467e-01 6.918212921667327717e-04
1.269531250000000000e-02 1.347656250000000000e-01 1.000000000000000000e+02 3.000000000000000000e+03 6.000000000000000000e+00 6.500000000000000000e+01 2.300000000000000000e+01 1.000000000000000000e+01 3.000000000000000000e+00 8.000000000000000000e+01 8.537933333333327379e-01 9.110822217642136709e-04 9.486592592592589523e-02 1.012313579738014738e-04 8.537933333333332939e+02 9.110822217642127185e-01 6.295266666666666424e+02 1.446365457634078311e+00 7.703333333333333144e+01 6.562802021268840935e-01 7.703333333333333144e+01 6.562802021268840935e-01 4.321999999999999886e+01 4.996772291523132736e-01 7.246666666666666856e+01 6.604151331913498124e-01 6.295266666666666424e+02 1.446365457634078311e+00 6.666666666666667095e-03 6.644407283433799612e-03 2.258279569892474026e-02 6.564566531147233595e-04
1.904296875000000000e-02 1.347656250000000000e-01 1.500000000000000000e+02 3.000000000000000000e+03 6.000000000000000000e+00 6.500000000000000000e+01 2.300000000000000000e+01 1.000000000000000000e+01 3.000000000000000000e+00 8.000000000000000000e+01 8.538711111111115803e-01 7.124347865614650112e-04 1.423118518518519116e-01 1.187391310935775787e-04 1.280806666666666615e+03 1.068652179842197958e+00 8.675599999999999454e+02 1.625859909230941369e+00 1.239133333333333269e+02 7.898768774191845532e-01 1.239133333333333269e+02 7.898768774191845532e-01 1.048799999999999955e+02 7.087967895588188627e-01 1.097800000000000011e+02 7.805337205328729544e-01 8.675599999999999454e+02 1.625859909230941369e+00 8.000000000000000167e-02 2.215099696778152424e-02 6.779470899470903256e-02 2.420010337979278028e-03
2.539062500000000000e-02 1.347656250000000000e-01 2.000000000000000000e+02 3.000000000000000000e+03 6.000000000000000000e+00 6.500000000000000000e+01 2.300000000000000000e+01 1.000000000000000000e+01 3.000000000000000000e+00 8.000000000000000000e+01 8.526599999999998625e-01 6.485251644222370581e-04 1.894800000000000373e-01 1.441167032049415022e-04 1.705319999999999936e+03 1.297050328844473244e+00 1.051453333333333376e+03 1.901311516159695181e+00 1.821333333333333258e+02 1.032522979746070435e+00 1.821333333333333258e+02 1.032522979746070435e+00 1.931133333333333439e+02 8.897708402437944919e-01 1.484133333333333269e+02 9.959110476417135649e-01 1.051453333333333376e+03 1.901311516159695181e+00 7.466666666666667007e-01 3.551108329855678925e-02 2.749583333333334156e-01 5.943135970347392279e-03
3.173828125000000000e-02 1.347656250000000000e-01 2.500000000000000000e+02 3.000000000000000000e+03 6.000000000000000000e+00 6.500000000000000000e+01 2.300000000000000000e+01 1.000000000000000000e+01 3.000000000000000000e+00 8.000000000000000000e+01 8.522159999999995295e-01 5.477729294353844225e-04 2.367266666666665853e-01 1.521591470653843299e-04 2.130539999999999964e+03 1.369432323588459566e+00 1.186166666666666742e+03 2.274992877481728737e+00 2.708666666666666742e+02 1.243316949549485129e+00 2.708666666666666742e+02 1.243316949549485129e+00 3.059666666666666401e+02 1.069430447238847615e+00 1.904933333333333394e+02 1.061686150178799526e+00 1.186166666666666742e+03 2.274992877481728737e+00 1.000000000000000000e+00 0.000000000000000000e+00 4.951569230769233831e-01 1.931243498124117497e-03
3.808593750000000000e-02 1.347656250000000000e-01 3.000000000000000000e+02 3.000000000000000000e+03 6.000000000000000000e+00 6.500000000000000000e+01 2.300000000000000000e+01 1.000000000000000000e+01 3.000000000000000000e+00 8.000000000000000000e+01 8.488333333333332176e-01 5.222056734966583780e-04 2.829444444444446649e-01 1.740685578322194232e-04 2.546500000000000000e+03 1.566617020489975642e+00 1.267446666666666715e+03 2.194853306496141077e+00 3.919266666666666765e+02 1.311626527693058319e+00 3.919266666666666765e+02 1.311626527693058319e+00 4.495866666666666447e+02 1.318254288963389254e+00 2.282800000000000011e+02 1.024418317333739115e+00 1.267446666666666715e+03 2.194853306496141077e+00 1.000000000000000000e+00 0.000000000000000000e+00 6.190808080808080094e-01 1.016518669991613513e-03
4.443359375000000000e-02 1.347656250000000000e-01 3.500000000000000000e+02 3.000000000000000000e+03 6.000000000000000000e+00 6.500000000000000000e+01 2.300000000000000000e+01 1.000000000000000000e+01 3.000000000000000000e+00 8.000000000000000000e+01 8.469276190476187072e-01 4.808906073797470141e-04 3.293607407407405652e-01 1.870130139810128331e-04 2.964246666666666442e+03 1.683117125829114880e+00 1.305799999999999955e+03 2.159012119774536220e+00 5.441266666666666652e+02 1.566235307045859670e+00 5.441266666666666652e+02 1.566235307045859670e+00 6.150533333333332848e+02 1.573044794634256283e+00 2.713600000000000136e+02 1.253875060229952432e+00 1.305799999999999955e+03 2.159012119774536220e+00 1.000000000000000000e+00 0.000000000000000000e+00 7.071243781094528336e-01 7.106159014303664936e-04
1.269531250000000000e-02 1.796875000000000000e-01 1.000000000000000000e+02 4.000000000000000000e+03 6.000000000000000000e+00 6.500000000000000000e+01 2.300000000000000000e+01 1.000000000000000000e+01 3.000000000000000000e+00 8.000000000000000000e+01 9.145133333333335113e-01 6.503152511866278638e-04 7.620944444444445465e-02 5.419293759888558077e-05 9.145133333333333212e+02 6.503152511866270302e-01 7.034466666666667152e+02 1.579691577961178206e+00 7.291333333333332689e+01 6.415908468913930074e-01 7.291333333333332689e+01 6.415908468913930074e-01 3.938666666666666316e+01 5.092728294488276797e-01 6.896666666666666856e+01 6.137981330601685048e-01 7.034466666666667152e+02 1.579691577961178206e+00 4.000000000000000083e-02 1.599999999999998299e-02 1.614634146341462767e-02 4.483914892395339459e-04
1.904296875000000000e-02 1.796875000000000000e-01 1.500000000000000000e+02 4.000000000000000000e+03 6.000000000000000000e+00 6.500000000000000000e+01 2.300000000000000000e+01 1.000000000000000000e+01 3.000000000000000000e+00 8.000000000000000000e+01 9.154400000000003645e-01 6.082260788251056365e-04 1.144300000000000456e-01 7.602825985313820456e-05 1.373160000000000082e+03 9.123391182376578978e-01 9.951000000000000227e+02 1.785341548400318112e+00 1.140666666666666629e+02 7.196089473019615657e-01 1.140666666666666629e+02 7.196089473019615657e-01 9.170666666666666345e+01 6.973949409794306664e-01 1.033199999999999932e+02 7.237752874108557277e-01 9.951000000000000227e+02 1.785341548400318112e+00 2.666666666666666838e-02 1.315435429951003314e-02 4.049156626506025120e-02 1.541455457566794952e-03
2.539062500000000000e-02 1.796875000000000000e-01 2.000000000000000000e+02 4.000000000000000000e+03 6.000000000000000000e+00 6.500000000000000000e+01 2.300000000000000000e+01 1.000000000000000000e+01 3.000000000000000000e+00 8.000000000000000000e+01 9.173699999999999077e-01 6.003041821536074822e-04 1.528950000000000309e-01 1.000506970256012651e-04 1.834740000000000009e+03 1.200608364307214737e+00 1.241799999999999955e+03 1.885288071120992948e+00 1.642400000000000091e+02 9.584561660411087258e-01 1.642400000000000091e+02 9.584561660411087258e-01 1.674266666666666765e+02 8.801690073397732128e-01 1.399266666666666765e+02 9.196664451693183917e-01 1.241799999999999955e+03 1.885288071120992948e+00 3.200000000000000067e-01 3.808761828556182782e-02 1.324507936507935690e-01 4.455457752878810851e-03
3.173828125000000000e-02 1.796875000000000000e-01 2.500000000000000000e+02 4.000000000000000000e+03 6.000000000000000000e+00 6.500000000000000000e+01 2.300000000000000000e+01 1.000000000000000000e+01 3.000000000000000000e+00 8.000000000000000000e+01 9.169119999999999493e-01 4.349875298340294210e-04 1.910233333333333783e-01 9.062240204875624005e-05 2.292280000000000200e+03 1.087468824585074545e+00 1.428400000000000091e+03 2.201151213948435270e+00 2.376866666666666674e+02 1.118258036875674266e+00 2.376866666666666674e+02 1.118258036875674266e+00 2.698333333333333144e+02 1.019211750615441225e+00 1.808199999999999932e+02 9.344788208764643889e-01 1.428400000000000091e+03 2.201151213948435270e+00 9.799999999999999822e-01 1.143095213298816158e-02 3.634462745098039904e-01 3.027992341451640149e-03
3.808593750000000000e-02 1.796875000000000000e-01 3.000000000000000000e+02 4.000000000000000000e+03 6.000000000000000000e+00 6.500000000000000000e+01 2.300000000000000000e+01 1.000000000000000000e+01 3.000000000000000000e+00 8.000000000000000000e+01 9.168444444444442398e-01 3.730245636722613850e-04 2.292111111111110600e-01 9.325614091806534625e-05 2.750533333333333303e+03 1.119073691016782224e+00 1.570526666666666642e+03 2.372541003821602157e+00 3.419133333333333553e+02 1.307548568604340211e+00 3.419133333333333553e+02 1.307548568604340211e+00 3.979733333333333576e+02 1.227751211376734375e+00 2.215866666666666731e+02 1.050341179137804337e+00 1.570526666666666642e+03 2.372541003821602157e+00 1.000000000000000000e+00 0.000000000000000000e+00 5.067844961240306478e-01 1.219873782712972352e-03
4.443359375000000000e-02 1.796875000000000000e-01 3.500000000000000000e+02 4.000000000000000000e+03 6.000000000000000000e+00 6.500000000000000000e+01 2.300000000000000000e+01 1.000000000000000000e+01 3.000000000000000000e+00 8.000000000000000000e+01 9.167561904761908353e-01 3.697509038725774405e-04 2.673872222222221651e-01 1.078440136295018574e-04 3.208646666666666533e+03 1.294128163554021604e+00 1.677033333333333303e+03 2.602501645497043103e+00 4.727400000000000091e+02 1.460819556885030845e+00 4.727400000000000091e+02 1.460819556885030845e+00 5.469600000000000364e+02 1.390279907868276599e+00 2.620600000000000023e+02 1.143026392229564037e+00 1.677033333333333303e+03 2.602501645497043103e+00 1.000000000000000000e+00 0.000000000000000000e+00 6.018758620689654837e-01 8.333250151520368463e-04
1.269531250000000000e-02 2.246093750000000000e-01 1.000000000000000000e+02 5.000000000000000000e+03 6.000000000000000000e+00 6.500000000000000000e+01 2.300000000000000000e+01 1.000000000000000000e+01 3.000000000000000000e+00 8.000000000000000000e+01 9.501266666666658978e-01 5.611335089039100159e-04 6.334177777777774687e-02 3.740890059359406250e-05 9.501266666666666652e+02 5.611335089039102275e-01 7.555933333333333621e+02 1.306976040472957790e+00 6.893333333333333712e+01 5.600529075536160306e-01 6.893333333333333712e+01 5.600529075536160306e-01 3.393333333333333002e+01 4.847603455240461767e-01 6.572666666666667368e+01 5.549692016813317919e-01 7.555933333333333621e+02 1.306976040472957790e+00 6.666666666666667095e-03 6.644407283433785734e-03 1.174640522875817182e-02 3.173286909708311382e-04
1.904296875000000000e-02 2.246093750000000000e-01 1.500000000000000000e+02 5.000000000000000000e+03 6.000000000000000000e+00 6.500000000000000000e+01 2.300000000000000000e+01 1.000000000000000000e+01 3.000000000000000000e+00 8.000000000000000000e+01 9.504355555555554780e-01 5.447296003051051941e-04 9.504355555555553392e-02 5.447296003051053568e-05 1.425653333333333421e+03 8.170944004576576880e-01 1.076026666666666642e+03 1.926400135351292953e+00 1.078799999999999955e+02 8.550461975823293592e-01 1.078799999999999955e+02 8.550461975823293592e-01 8.049333333333333940e+01 7.226953663837843989e-01 9.907333333333333769e+01 8.047137057041764407e-01 1.076026666666666642e+03 1.926400135351292953e+00 1.333333333333333419e-02 9.365025558091341282e-03 2.586019417475728804e-02 8.599232419882742130e-04
2.539062500000000000e-02 2.246093750000000000e-01 2.000000000000000000e+02 5.000000000000000000e+03 6.000000000000000000e+00 6.500000000000000000e+01 2.300000000000000000e+01 1.000000000000000000e+01 3.000000000000000000e+00 8.000000000000000000e+01 9.515699999999994718e-01 3.784480002442728967e-04 1.268760000000000443e-01 5.045973336590305199e-05 1.903140000000000100e+03 7.568960004885445514e-01 1.359506666666666661e+03 2.041453657822541956e+00 1.543333333333333428e+02 8.789218985232439829e-01 1.543333333333333428e+02 8.789218985232439829e-01 1.449266666666666765e+02 9.507469188504917845e-01 1.357666666666666799e+02 8.649941125896838390e-01 1.359506666666666661e+03 2.041453657822541956e+00 6.666666666666666574e-02 2.036700308869261733e-02 6.559487179487182018e-02 2.637332709774574662e-03
3.173828125000000000e-02 2.246093750000000000e-01 2.500000000000000000e+02 5.000000000000000000e+03 6.000000000000000000e+00 6.500000000000000000e+01 2.300000000000000000e+01 1.000000000000000000e+01 3.000000000000000000e+00 8.000000000000000000e+01 9.518240000000003365e-01 3.436272916337637911e-04 1.586373333333334634e-01 5.727121527229384773e-05 2.379559999999999945e+03 8.590682290844083857e-01 1.596473333333333358e+03 2.231505653472892980e+00 2.105466666666666526e+02 9.914114143949487312e-01 2.105466666666666526e+02 9.914114143949487312e-01 2.366266666666666652e+02 1.140313667049228430e+00 1.697199999999999989e+02 9.345287582519866687e-01 1.596473333333333358e+03 2.231505653472892980e+00 6.933333333333333570e-01 3.764945526141760812e-02 2.204114285714284527e-01 4.925440792482634750e-03
3.808593750000000000e-02 2.246093750000000000e-01 3.000000000000000000e+02 5.000000000000000000e+03 6.000000000000000000e+00 6.500000000000000000e+01 2.300000000000000000e+01 1.000000000000000000e+01 3.000000000000000000e+00 8.000000000000000000e+01 9.526822222222224301e-01 2.816413386230781548e-04 1.905364444444444805e-01 5.632826772461554151e-05 2.858046666666666624e+03 8.449240158692334912e-01 1.790640000000000100e+03 2.435337622042030414e+00 2.914200000000000159e+02 1.264815138007658657e+00 2.914200000000000159e+02 1.264815138007658657e+00 3.469933333333333394e+02 1.223383165803081596e+00 2.093466666666666640e+02 1.060858631975550859e+00 1.790640000000000100e+03 2.435337622042030414e+00 1.000000000000000000e+00 0.000000000000000000e+00 3.973396226415092380e-01 1.956304245352365016e-03
4.443359375000000000e-02 2.246093750000000000e-01 3.500000000000000000e+02 5.000000000000000000e+03 6.000000000000000000e+00 6.500000000000000000e+01 2.300000000000000000e+01 1.000000000000000000e+01 3.000000000000000000e+00 8.000000000000000000e+01 9.536742857142851415e-01 2.940748820983845875e-04 2.225240000000001939e-01 6.861747248962325654e-05 3.337860000000000127e+03 1.029262087344347876e+00 1.946413333333333412e+03 2.451071179285889468e+00 4.005600000000000023e+02 1.303311338262828523e+00 4.005600000000000023e+02 1.303311338262828523e+00 4.825733333333333235e+02 1.388759531753801513e+00 2.464933333333333394e+02 1.105732403499213312e+00 1.946413333333333412e+03 2.451071179285889468e+00 1.000000000000000000e+00 0.000000000000000000e+00 5.065034267912773558e-01 9.538992439255726888e-04
1.269531250000000000e-02 2.695312500000000000e-01 1.000000000000000000e+02 6.000000000000000000e+03 6.000000000000000000e+00 6.500000000000000000e+01 2.300000000000000000e+01 1.000000000000000000e+01 3.000000000000000000e+00 8.000000000000000000e+01 9.703124999999995781e-01 4.753236338599885744e-04 5.390625000000000278e-02 2.640686854777711705e-05 9.703125000000000000e+02 4.753236338599882704e-01 7.925625000000000000e+02 1.394631141704514299e+00 6.438888888888888573e+01 6.224571040359996310e-01 6.438888888888888573e+01 6.224571040359996310e-01 2.946527777777777857e+01 4.856062054894297320e-01 6.141666666666666430e+01 5.885595908447235347e-01 7.925625000000000000e+02 1.394631141704514299e+00 1.388888888888888812e-02 9.752488163398565640e-03 8.251366120218577710e-03 2.169724067523032078e-04
1.904296875000000000e-02 2.695312500000000000e-01 1.500000000000000000e+02 6.000000000000000000e+03 6.000000000000000000e+00 6.500000000000000000e+01 2.300000000000000000e+01 1.000000000000000000e+01 3.000000000000000000e+00 8.000000000000000000e+01 9.705422222222220840e-01 3.194060331173626368e-04 8.087851851851847462e-02 2.661716942644686720e-05 1.455813333333333276e+03 4.791090496760432305e-01 1.138726666666666688e+03 1.703249095546943481e+00 1.002600000000000051e+02 7.810778877081764326e-01 1.002600000000000051e+02 7.810778877081764326e-01 6.937999999999999545e+01 6.419186518208952474e-01 9.306000000000000227e+01 7.496505852728989616e-01 1.138726666666666688e+03 1.703249095546943481e+00 0.000000000000000000e+00 0.000000000000000000e+00 1.532357723577236486e-02 3.939411727017018178e-04
2.539062500000000000e-02 2.695312500000000000e-01 2.000000000000000000e+02 6.000000000000000000e+03 6.000000000000000000e+00 6.500000000000000000e+01 2.300000000000000000e+01 1.000000000000000000e+01 3.000000000000000000e+00 8.000000000000000000e+01 9.718322147651005105e-01 3.102751683751760452e-04 1.079813571961222712e-01 3.447501870835287133e-05 1.943664429530201232e+03 6.205503367503503176e-01 1.446040268456375770e+03 2.008133526627602361e+00 1.432416107382550194e+02 8.649468525141329467e-01 1.432416107382550194e+02 8.649468525141329467e-01 1.288322147651006730e+02 8.572969885761073661e-01 1.273489932885906057e+02 8.626668308408435015e-01 1.446040268456375770e+03 2.008133526627602361e+00 7.382550335570470246e-02 2.142182579056271796e-02 3.576856462437758011e-02 1.256306618971014420e-03
3.173828125000000000e-02 2.695312500000000000e-01 2.500000000000000000e+02 6.000000000000000000e+03 6.000000000000000000e+00 6.500000000000000000e+01 2.300000000000000000e+01 1.000000000000000000e+01 3.000000000000000000e+00 8.000000000000000000e+01 9.723194444444442919e-01 2.765132289021409351e-04 1.350443672839505838e-01 3.840461512529731069e-05 2.430798611111111313e+03 6.912830722553519047e-01 1.720597222222222172e+03 2.584962886663688675e+00 1.910138888888888857e+02 1.114880157391979543e+00 1.910138888888888857e+02 1.114880157391979543e+00 2.050763888888888857e+02 1.120149000312180343e+00 1.616875000000000000e+02 1.035838731605223551e+00 1.720597222222222172e+03 2.584962886663688675e+00 3.055555555555555802e-01 3.838686099948377534e-02 1.072877777777776903e-01 4.012603855772553518e-03
3.808593750000000000e-02 2.695312500000000000e-01 3.000000000000000000e+02 6.000000000000000000e+03 6.000000000000000000e+00 6.500000000000000000e+01 2.300000000000000000e+01 1.000000000000000000e+01 3.000000000000000000e+00 8.000000000000000000e+01 9.729267139479902404e-01 2.499454684828552719e-04 1.621544523246650771e-01 4.165757808047584703e-05 2.918780141843971705e+03 7.498364054485650021e-01 1.948276595744680890e+03 2.802183330051482457e+00 2.563475177304964632e+02 1.274189450654584999e+00 2.563475177304964632e+02 1.274189450654584999e+00 3.054680851063830005e+02 1.268712983033268404e+00 1.980567375886524815e+02 9.855233532644086525e-01 1.948276595744680890e+03 2.802183330051482457e+00 9.290780141843971718e-01 2.161757522168167300e-02 2.872284138241585350e-01 3.346183362533920388e-03
4.443359375000000000e-02 2.695312500000000000e-01 3.500000000000000000e+02 6.000000000000000000e+03 6.000000000000000000e+00 6.500000000000000000e+01 2.300000000000000000e+01 1.000000000000000000e+01 3.000000000000000000e+00 8.000000000000000000e+01 9.735161626694467385e-01 2.194951350575836588e-04 1.892948094079479893e-01 4.267960959453009640e-05 3.407306569343065803e+03 7.682329727015425602e-01 2.152481751824817366e+03 2.589875289180854967e+00 3.394963503649635186e+02 1.280481059020653900e+00 3.394963503649635186e+02 1.280481059020653900e+00 4.213284671532846914e+02 1.405374303950892134e+00 2.320291970802919650e+02 1.152403877176223279e+00 2.152481751824817366e+03 2.589875289180854967e+00 1.000000000000000000e+00 0.000000000000000000e+00 4.100798896488304091e-01 1.597560163955571164e-03
1.269531250000000000e-02 3.144531250000000000e-01 1.000000000000000000e+02 7.000000000000000000e+03 6.000000000000000000e+00 6.500000000000000000e+01 2.300000000000000000e+01 1.000000000000000000e+01 3.000000000000000000e+00 8.000000000000000000e+01 9.818536585365850167e-01 4.296935142686511902e-04 4.675493612078977096e-02 2.046159591755475937e-05 9.818536585365853853e+02 4.296935142686508780e-01 8.141544715447154204e+02 1.391172253172334505e+00 6.181300813008130035e+01 5.970325182212394832e-01 6.181300813008130035e+01 5.970325182212394832e-01 2.624390243902438868e+01 4.945791761620277893e-01 5.923577235772357596e+01 5.931150688845586716e-01 8.141544715447154204e+02 1.391172253172334505e+00 2.439024390243902524e-02 1.390892557346830663e-02 6.706744532234053431e-03 1.790544890745162613e-04
1.904296875000000000e-02 3.144531250000000000e-01 1.500000000000000000e+02 7.000000000000000000e+03 6.000000000000000000e+00 6.500000000000000000e+01 2.300000000000000000e+01 1.000000000000000000e+01 3.000000000000000000e+00 8.000000000000000000e+01 9.821138211382121064e-01 3.022337422494398673e-04 7.015098722415795407e-02 2.158812444638856195e-05 1.473170731707317145e+03 4.533506133741602162e-01 1.177512195121951208e+03 1.926412971860659962e+00 9.600000000000000000e+01 8.323710486087121385e-01 9.600000000000000000e+01 8.323710486087121385e-01 6.126829268292682684e+01 7.034351160461358443e-01 8.978048780487804947e+01 8.137018654315852917e-01 1.177512195121951208e+03 1.926412971860659962e+00 1.626016260162601798e-02 1.140381112796216151e-02 1.145147535391436919e-02 2.926308189449908638e-04
2.539062500000000000e-02 3.144531250000000000e-01 2.000000000000000000e+02 7.000000000000000000e+03 6.000000000000000000e+00 6.500000000000000000e+01 2.300000000000000000e+01 1.000000000000000000e+01 3.000000000000000000e+00 8.000000000000000000e+01 9.833529411764707628e-01 2.205264372160615550e-04 9.365266106442576843e-02 2.100251783010106434e-05 1.966705882352941217e+03 4.410528744321223771e-01 1.509033613445378251e+03 2.297791031200324241e+00 1.336806722689075571e+02 9.173863616136435084e-01 1.336806722689075571e+02 9.173863616136435084e-01 1.142436974789915922e+02 8.929706412531431825e-01 1.207731092436974762e+02 8.915833305772997708e-01 1.509033613445378251e+03 2.297791031200324241e+00 5.882352941176470507e-02 2.156937640066378808e-02 2.310807656395891252e-02 8.681433671764168065e-04
3.173828125000000000e-02 3.144531250000000000e-01 2.500000000000000000e+02 7.000000000000000000e+03 6.000000000000000000e+00 6.500000000000000000e+01 2.300000000000000000e+01 1.000000000000000000e+01 3.000000000000000000e+00 8.000000000000000000e+01 9.836991452991452611e-01 2.200767427578253089e-04 1.171070411070411349e-01 2.619961223307437168e-05 2.459247863247863279e+03 5.501918568945630694e-01 1.804470085470085451e+03 2.724970037709995907e+00 1.772307692307692264e+02 1.025027210583312476e+00 1.772307692307692264e+02 1.025027210583312476e+00 1.841965811965812065e+02 1.223819368642867778e+00 1.527692307692307736e+02 9.779051240501807074e-01 1.804470085470085451e+03 2.724970037709995907e+00 9.401709401709401615e-02 2.698177289950828839e-02 5.504980842911879474e-02 2.557875451342038649e-03
3.808593750000000000e-02 3.144531250000000000e-01 3.000000000000000000e+02 7.000000000000000000e+03 6.000000000000000000e+00 6.500000000000000000e+01 2.300000000000000000e+01 1.000000000000000000e+01 3.000000000000000000e+00 8.000000000000000000e+01 9.836752873563213706e-01 2.206275807282453722e-04 1.405250410509031045e-01 3.151822581832039476e-05 2.951025862068965580e+03 6.618827421847344183e-01 2.072241379310344655e+03 3.054246490462558139e+00 2.271034482758620641e+02 1.250290056141553974e+00 2.271034482758620641e+02 1.250290056141553974e+00 2.680344827586206975e+02 1.411843221949750538e+00 1.855172413793103487e+02 1.217593162426829911e+00 2.072241379310344655e+03 3.054246490462558139e+00 5.172413793103448620e-01 4.639622595749502004e-02 1.585899858290032438e-01 5.024366135144050192e-03
4.443359375000000000e-02 3.144531250000000000e-01 3.500000000000000000e+02 7.000000000000000000e+03 6.000000000000000000e+00 6.500000000000000000e+01 2.300000000000000000e+01 1.000000000000000000e+01 3.000000000000000000e+00 8.000000000000000000e+01 9.846683673469381892e-01 2.104415135262524322e-04 1.641113945578231148e-01 3.507358558770862802e-05 3.446339285714285779e+03 7.365452973418823435e-01 2.301857142857142662e+03 3.092789537131690025e+00 2.962589285714285552e+02 1.546409267433245471e+00 2.962589285714285552e+02 1.546409267433245471e+00 3.728392857142857224e+02 1.513046661384320979e+00 2.203839285714285836e+02 1.333633641121112268e+00 2.301857142857142662e+03 3.092789537131690025e+00 9.732142857142856984e-01 1.525621647181846924e-02 3.143185131195335158e-01 3.211550738643034406e-03
1.269531250000000000e-02 3.593750000000000000e-01 1.000000000000000000e+02 8.000000000000000000e+03 6.000000000000000000e+00 6.500000000000000000e+01 2.300000000000000000e+01 1.000000000000000000e+01 3.000000000000000000e+00 8.000000000000000000e+01 9.892222222222218919e-01 2.915521636469938405e-04 4.121759259259258346e-02 1.214800681862473545e-05 9.892222222222221717e+02 2.915521636469932676e-01 8.323737373737374128e+02 1.429040264535138771e+00 5.810101010101010388e+01 5.913181610037817615e-01 5.810101010101010388e+01 5.913181610037817615e-01 2.366666666666666785e+01 4.948464126834702936e-01 5.617171717171716949e+01 5.719420630674465489e-01 8.323737373737374128e+02 1.429040264535138771e+00 4.040404040404040747e-02 1.978969069512655915e-02 5.427110612295799746e-03 1.570369241444132761e-04
1.904296875000000000e-02 3.593750000000000000e-01 1.500000000000000000e+02 8.000000000000000000e+03 6.000000000000000000e+00 6.500000000000000000e+01 2.300000000000000000e+01 1.000000000000000000e+01 3.000000000000000000e+00 8.000000000000000000e+01 9.890915032679740149e-01 2.744770001698138375e-04 6.181821895424837593e-02 1.715481251061336485e-05 1.483637254901960887e+03 4.117155002547208120e-01 1.206411764705882433e+03 2.154515342094089903e+00 9.096078431372548323e+01 9.554595916429357016e-01 9.096078431372548323e+01 9.554595916429357016e-01 5.591176470588235503e+01 6.947796418338276769e-01 8.553921568627451677e+01 9.135731136754472459e-01 1.206411764705882433e+03 2.154515342094089903e+00 9.803921568627450844e-03 9.755744758307887191e-03 9.097798628653916073e-03 2.575371361414328280e-04
2.539062500000000000e-02 3.593750000000000000e-01 2.000000000000000000e+02 8.000000000000000000e+03 6.000000000000000000e+00 6.500000000000000000e+01 2.300000000000000000e+01 1.000000000000000000e+01 3.000000000000000000e+00 8.000000000000000000e+01 9.897842105263158219e-01 2.424085779155370408e-04 8.248201754385960094e-02 2.020071482629482907e-05 1.979568421052631493e+03 4.848171558310742646e-01 1.555136842105263213e+03 2.120242003974131872e+00 1.258842105263157833e+02 8.603115016468568799e-01 1.258842105263157833e+02 8.603115016468568799e-01 1.023157894736842053e+02 9.902866937516371371e-01 1.149684210526315837e+02 8.572910541913064675e-01 1.555136842105263213e+03 2.120242003974131872e+00 1.052631578947368397e-02 1.047076756115453144e-02 1.630680359435172228e-02 6.572169417066834078e-04
3.173828125000000000e-02 3.593750000000000000e-01 2.500000000000000000e+02 8.000000000000000000e+03 6.000000000000000000e+00 6.500000000000000000e+01 2.300000000000000000e+01 1.000000000000000000e+01 3.000000000000000000e+00 8.000000000000000000e+01 9.904907216494842626e-01 1.967753780815164515e-04 1.031761168384879163e-01 2.049743521682465973e-05 2.476226804123711190e+03 4.919384452037919853e-01 1.879216494845360785e+03 2.717202975217125172e+00 1.647525773195876297e+02 1.118262674818222058e+00 1.647525773195876297e+02 1.118262674818222058e+00 1.614020618556700981e+02 1.228635883963523856e+00 1.454948453608247405e+02 1.001022297237387448e+00 1.879216494845360785e+03 2.717202975217125172e+00 7.216494845360824084e-02 2.627318194212265035e-02 3.386066854108091967e-02 1.680083161206859460e-03
3.808593750000000000e-02 3.593750000000000000e-01 3.000000000000000000e+02 8.000000000000000000e+03 6.000000000000000000e+00 6.500000000000000000e+01 2.300000000000000000e+01 1.000000000000000000e+01 3.000000000000000000e+00 8.000000000000000000e+01 9.910385964912277190e-01 1.671636658375030653e-04 1.238798245614034649e-01 2.089545822968788316e-05 2.973115789473684345e+03 5.014909975125085850e-01 2.166800000000000182e+03 2.846452815138319714e+00 2.086526315789473642e+02 1.182772780650950928e+00 2.086526315789473642e+02 1.182772780650950928e+00 2.385473684210526244e+02 1.296042851883177471e+00 1.769157894736842138e+02 1.034010363155228207e+00 2.166800000000000182e+03 2.846452815138319714e+00 1.789473684210526327e-01 3.932659576261505335e-02 8.421559923906150880e-02 4.046723826032286309e-03
4.443359375000000000e-02 3.593750000000000000e-01 3.500000000000000000e+02 8.000000000000000000e+03 6.000000000000000000e+00 6.500000000000000000e+01 2.300000000000000000e+01 1.000000000000000000e+01 3.000000000000000000e+00 8.000000000000000000e+01 9.911548872180446779e-01 1.583404115890821307e-04 1.445434210526315710e-01 2.309131002340796996e-05 3.469042105263157737e+03 5.541914405617908157e-01 2.421557894736842172e+03 3.774875853531961756e+00 2.650526315789473415e+02 1.626264241802908517e+00 2.650526315789473415e+02 1.626264241802908517e+00 3.311368421052631561e+02 1.832946284917831736e+00 2.100736842105263236e+02 1.488812730811615248e+00 2.421557894736842172e+03 3.774875853531961756e+00 7.368421052631578538e-01 4.517868817257644776e-02 2.053766151906712134e-01 5.214091354289730924e-03
1.269531250000000000e-02 4.042968750000000000e-01 1.000000000000000000e+02 9.000000000000000000e+03 6.000000000000000000e+00 6.500000000000000000e+01 2.300000000000000000e+01 1.000000000000000000e+01 3.000000000000000000e+00 8.000000000000000000e+01 9.936219512195119119e-01 2.692003735824934291e-04 3.680081300813008160e-02 9.970384206758946562e-06 9.936219512195121979e+02 2.692003735824933797e-01 8.435000000000000000e+02 1.823099354178272735e+00 5.624390243902438868e+01 7.815467236602399170e-01 5.624390243902438868e+01 7.815467236602399170e-01 2.185365853658536750e+01 5.096107714479960471e-01 5.448780487804877737e+01 7.577173645448054273e-01 8.435000000000000000e+02 1.823099354178272735e+00 1.219512195121951262e-02 1.212053334967827176e-02 4.721254355400693499e-03 1.526616918340975050e-04
1.904296875000000000e-02 4.042968750000000000e-01 1.500000000000000000e+02 9.000000000000000000e+03 6.000000000000000000e+00 6.500000000000000000e+01 2.300000000000000000e+01 1.000000000000000000e+01 3.000000000000000000e+00 8.000000000000000000e+01 9.941269841269838592e-01 2.061892513362788162e-04 5.522927689594356315e-02 1.145495840757096460e-05 1.491190476190476147e+03 3.092838770044180063e-01 1.231630952380952294e+03 2.212222525864263378e+00 8.689285714285713880e+01 9.419093747092709412e-01 8.689285714285713880e+01 9.419093747092709412e-01 5.023809523809524080e+01 7.811227760571578527e-01 8.234523809523810201e+01 9.103047706137897821e-01 1.231630952380952294e+03 2.212222525864263378e+00 3.571428571428571230e-02 2.024809676835146247e-02 7.222222222222222758e-03 2.515821198962265508e-04
2.539062500000000000e-02 4.042968750000000000e-01 2.000000000000000000e+02 9.000000000000000000e+03 6.000000000000000000e+00 6.500000000000000000e+01 2.300000000000000000e+01 1.000000000000000000e+01 3.000000000000000000e+00 8.000000000000000000e+01 9.943037974683541780e-01 1.926833683256995282e-04 7.365213314580403015e-02 1.427284209819993958e-05 1.988607594936708892e+03 3.853667366513991999e-01 1.588835443037974755e+03 2.580505123256734201e+00 1.217468354430379804e+02 9.979097453055549849e-01 1.217468354430379804e+02 9.979097453055549849e-01 9.225316455696201956e+01 1.120445289172122161e+00 1.122531645569620196e+02 1.025936420541678329e+00 1.588835443037974755e+03 2.580505123256734201e+00 2.531645569620253125e-02 1.767338439689221732e-02 1.255365987892130553e-02 5.207423726706239975e-04
3.173828125000000000e-02 4.042968750000000000e-01 2.500000000000000000e+02 9.000000000000000000e+03 6.000000000000000000e+00 6.500000000000000000e+01 2.300000000000000000e+01 1.000000000000000000e+01 3.000000000000000000e+00 8.000000000000000000e+01 9.943549999999996558e-01 1.691144213247358359e-04 9.206990740740741974e-02 1.565874271525310080e-05 2.485887499999999818e+03 4.227860533118375508e-01 1.927287499999999909e+03 3.014402601988493746e+00 1.572375000000000114e+02 1.315679927594473719e+00 1.572375000000000114e+02 1.315679927594473719e+00 1.444250000000000114e+02 1.332382147696373087e+00 1.419250000000000114e+02 1.333085588962689139e+00 1.927287499999999909e+03 3.014402601988493746e+00 1.250000000000000069e-02 1.242162932146985421e-02 2.075675675675675569e-02 8.545563866529350605e-04
3.808593750000000000e-02 4.042968750000000000e-01 3.000000000000000000e+02 9.000000000000000000e+03 6.000000000000000000e+00 6.500000000000000000e+01 2.300000000000000000e+01 1.000000000000000000e+01 3.000000000000000000e+00 8.000000000000000000e+01 9.947341772151897521e-01 1.614859767725077694e-04 1.105260196905766684e-01 1.794288630805635783e-05 2.984202531645569707e+03 4.844579303175236551e-01 2.239924050632911531e+03 3.284012349252979135e+00 1.935569620253164658e+02 1.363068025352320856e+00 1.935569620253164658e+02 1.363068025352320856e+00 2.150000000000000000e+02 1.458939699668243994e+00 1.673797468354430293e+02 1.254672893247201992e+00 2.239924050632911531e+03 3.284012349252979135e+00 1.139240506329113889e-01 3.574617998893422216e-02 4.785082346536000814e-02 2.544208591276976225e-03
4.443359375000000000e-02 4.042968750000000000e-01 3.500000000000000000e+02 9.000000000000000000e+03 6.000000000000000000e+00 6.500000000000000000e+01 2.300000000000000000e+01 1.000000000000000000e+01 3.000000000000000000e+00 8.000000000000000000e+01 9.952022263450832629e-01 1.235501910603171386e-04 1.290076960076959878e-01 1.601576550781882459e-05 3.483207792207792409e+03 4.324256687111097675e-01 2.520623376623376771e+03 4.022035734446101962e+00 2.440000000000000000e+02 1.625920085408752325e+00 2.440000000000000000e+02 1.625920085408752325e+00 2.927402597402597166e+02 1.803877179353631233e+00 2.032207792207792068e+02 1.465591565228159920e+00 2.520623376623376771e+03 4.022035734446101962e+00 3.246753246753246724e-01 5.336242880605961136e-02 1.071963330786860208e-01 6.014960221097407495e-03
5.078125000000000000e-02 1.347656250000000069e-02 4.000000000000000000e+02 3.000000000000000000e+02 6.000000000000000000e+00 6.500000000000000000e+01 2.300000000000000000e+01 1.000000000000000000e+01 3.000000000000000000e+00 8.000000000000000000e+01 1.322233333333333039e-01 3.012672002158981420e-04 5.876592592592591036e-01 1.338965334292879523e-03 5.288933333333333167e+02 1.205068800863591694e+00 2.252733333333333405e+02 1.071858061360599912e+00 7.064000000000000057e+01 7.249386180912146260e-01 7.064000000000000057e+01 7.249386180912146260e-01 1.843400000000000034e+02 8.565475922432902456e-01 6.500000000000000000e+01 6.903139382435597993e-01 9.037333333333333485e+01 6.987319731988584914e-01 2.000000000000000042e-02 1.143095213298816158e-02 6.647619047619046651e-02 2.600424408642605916e-03
6.347656250000000000e-02 1.347656250000000069e-02 5.000000000000000000e+02 3.000000000000000000e+02 6.000000000000000000e+00 6.500000000000000000e+01 2.300000000000000000e+01 1.000000000000000000e+01 3.000000000000000000e+00 8.000000000000000000e+01 1.185679999999999790e-01 2.152999354905204567e-04 6.587111111111111361e-01 1.196110752725112938e-03 5.928400000000000318e+02 1.076499677452601889e+00 2.427066666666666777e+02 9.986901050505736510e-01 7.457999999999999829e+01 6.220589468316755077e-01 7.457999999999999829e+01 6.220589468316755077e-01 2.369066666666666663e+02 9.922072662802158272e-01 6.743333333333333712e+01 5.988445664901826948e-01 6.864666666666666117e+01 5.503240796045476557e-01 4.000000000000000083e-02 1.599999999999997952e-02 6.922500000000002263e-02 2.537159117771073912e-03
7.617187500000000000e-02 1.347656250000000069e-02 6.000000000000000000e+02 3.000000000000000000e+02 6.000000000000000000e+00 6.500000000000000000e+01 2.300000000000000000e+01 1.000000000000000000e+01 3.000000000000000000e+00 8.000000000000000000e+01 1.073588888888888926e-01 1.750748458405447657e-04 7.157259259259256545e-01 1.167165638936966008e-03 6.441533333333333076e+02 1.050449075043269120e+00 2.627133333333333098e+02 1.073160924731408006e+00 7.787999999999999545e+01 5.755708277682056728e-01 7.787999999999999545e+01 5.755708277682056728e-01 2.803266666666666538e+02 9.707040591088361703e-01 7.012000000000000455e+01 5.722408195467667547e-01 5.138000000000000256e+01 5.146450772673877294e-01 3.333333333333333287e-02 1.465656217585882028e-02 6.953333333333333588e-02 2.381623058979260091e-03
8.886718750000000000e-02 1.347656250000000069e-02 7.000000000000000000e+02 3.000000000000000000e+02 6.000000000000000000e+00 6.500000000000000000e+01 2.300000000000000000e+01 1.000000000000000000e+01 3.000000000000000000e+00 8.000000000000000000e+01 9.801809523809530689e-02 1.591034784523302835e-04 7.623629629629624649e-01 1.237471499073680790e-03 6.861266666666666652e+02 1.113724349166311800e+00 2.830133333333333212e+02 1.087790284799281304e+00 8.003333333333333144e+01 6.252051515154697370e-01 8.003333333333333144e+01 6.252051515154697370e-01 3.179733333333333576e+02 9.858080348026606599e-01 7.178666666666666174e+01 6.029252149436237218e-01 3.765333333333333599e+01 4.915270234837703645e-01 1.333333333333333419e-02 9.365025558091337812e-03 6.385333333333331751e-02 2.212959540056240199e-03
1.015625000000000000e-01 1.347656250000000069e-02 8.000000000000000000e+02 3.000000000000000000e+02 6.000000000000000000e+00 6.500000000000000000e+01 2.300000000000000000e+01 1.000000000000000000e+01 3.000000000000000000e+00 8.000000000000000000e+01 9.012083333333328894e-02 1.128507905418741828e-04 8.010740740740741606e-01 1.003118138149991338e-03 7.209666666666666970e+02 9.028063243349924161e-01 3.047466666666666697e+02 1.201561453245702848e+00 7.977333333333332632e+01 6.698687544199597443e-01 7.977333333333332632e+01 6.698687544199597443e-01 3.519599999999999795e+02 9.160242597466752290e-01 7.115999999999999659e+01 6.349159174427920771e-01 2.730000000000000071e+01 4.137363626487012835e-01 3.333333333333333287e-02 1.465656217585880987e-02 5.702424242424244255e-02 2.181193457137500270e-03
1.142578125000000000e-01 1.347656250000000069e-02 9.000000000000000000e+02 3.000000000000000000e+02 6.000000000000000000e+00 6.500000000000000000e+01 2.300000000000000000e+01 1.000000000000000000e+01 3.000000000000000000e+00 8.000000000000000000e+01 8.317925925925923059e-02 9.728713412100196197e-05 8.317925925925924169e-01 9.728713412100192673e-04 7.486133333333333439e+02 8.755842070890175188e-01 3.294599999999999795e+02 1.205639710324403202e+00 7.995999999999999375e+01 7.609280882945219648e-01 7.995999999999999375e+01 7.609280882945219648e-01 3.785466666666666811e+02 9.385372385516451699e-01 7.137333333333333485e+01 7.314245866293570542e-01 2.055333333333333456e+01 3.504329597216266912e-01 2.666666666666666838e-02 1.315435429951000192e-02 5.028888888888891767e-02 1.628696871103517017e-03
1.269531250000000000e-01 1.347656250000000069e-02 1.000000000000000000e+03 3.000000000000000000e+02 6.000000000000000000e+00 6.500000000000000000e+01 2.300000000000000000e+01 1.000000000000000000e+01 3.000000000000000000e+00 8.000000000000000000e+01 7.702266666666665595e-02 8.808151107123783272e-05 8.558074074074071280e-01 9.786834563470867953e-04 7.702266666666666879e+02 8.808151107123775025e-01 3.538799999999999955e+02 1.197253152474910154e+00 7.898000000000000398e+01 6.536373442343833551e-01 7.898000000000000398e+01 6.536373442343833551e-01 4.001333333333333258e+02 9.178557943703679056e-01 7.083333333333332860e+01 6.297383348426315308e-01 1.542666666666666586e+01 2.948968432319141741e-01 4.000000000000000083e-02 1.599999999999998992e-02 4.176410256410257454e-02 1.409697729275538949e-03
1.523437500000000000e-01 1.347656250000000069e-02 1.200000000000000000e+03 3.000000000000000000e+02 6.000000000000000000e+00 6.500000000000000000e+01 2.300000000000000000e+01 1.000000000000000000e+01 3.000000000000000000e+00 8.000000000000000000e+01 6.720999999999997809e-02 5.999341527653866097e-05 8.961333333333331153e-01 7.999122036871804658e-04 8.065199999999999818e+02 7.199209833184629925e-01 3.970866666666666447e+02 1.279858904260471775e+00 7.640000000000000568e+01 6.519713695145413768e-01 7.640000000000000568e+01 6.519713695145413768e-01 4.378933333333333167e+02 8.112622081487403936e-01 6.898000000000000398e+01 6.144533252321845440e-01 8.213333333333332931e+00 2.558796013174367556e-01 1.333333333333333419e-02 9.365025558091327404e-03 3.258222222222222075e-02 1.006198992010344561e-03
1.650390625000000000e-01 1.347656250000000069e-02 1.300000000000000000e+03 3.000000000000000000e+02 6.000000000000000000e+00 6.500000000000000000e+01 2.300000000000000000e+01 1.000000000000000000e+01 3.000000000000000000e+00 8.000000000000000000e+01 6.323076923076922928e-02 4.801928168500356502e-05 9.133333333333329973e-01 6.936118465611634115e-04 8.220000000000000000e+02 6.242506619050466332e-01 4.171866666666666674e+02 1.393425408972568835e+00 7.514000000000000057e+01 6.265269347761512897e-01 7.514000000000000057e+01 6.265269347761512897e-01 4.543866666666666561e+02 7.546470354729740704e-01 6.778000000000000114e+01 6.221732520412264211e-01 5.559999999999999609e+00 1.855873558911453336e-01 3.333333333333333287e-02 1.465656217585880466e-02 3.150833333333333958e-02 9.680160600902203800e-04
1.777343750000000000e-01 1.347656250000000069e-02 1.400000000000000000e+03 3.000000000000000000e+02 6.000000000000000000e+00 6.500000000000000000e+01 2.300000000000000000e+01 1.000000000000000000e+01 3.000000000000000000e+00 8.000000000000000000e+01 5.943142857142852398e-02 4.722157929400930802e-05 9.244888888888885825e-01 7.345579001290337496e-04 8.320399999999999636e+02 6.611021101161291824e-01 4.411866666666666674e+02 1.347932957998750014e+00 7.321333333333333826e+01 6.121428058997465671e-01 7.321333333333333826e+01 6.121428058997465671e-01 4.656000000000000227e+02 8.057570629193668843e-01 6.652666666666667084e+01 6.084367339824736653e-01 4.493333333333333179e+00 1.745461840613262428e-01 2.666666666666666838e-02 1.315435429951003314e-02 2.503137254901961414e-02 7.017643862983600654e-04
1.904296875000000000e-01 1.347656250000000069e-02 1.500000000000000000e+03 3.000000000000000000e+02 6.000000000000000000e+00 6.500000000000000000e+01 2.300000000000000000e+01 1.000000000000000000e+01 3.000000000000000000e+00 8.000000000000000000e+01 5.612622222222222318e-02 4.424018246861062510e-05 9.354370370370368448e-01 7.373363744768450436e-04 8.418933333333333167e+02 6.636027370291598393e-01 4.559666666666666401e+02 1.374673025095759504e+00 7.127333333333332632e+01 5.570475077818102250e-01 7.127333333333332632e+01 5.570475077818102250e-01 4.771866666666666674e+02 7.962348434513061290e-01 6.479333333333333655e+01 5.279138538029067851e-01 3.379999999999999893e+00 1.556834394960920909e-01 2.666666666666666838e-02 1.315435429950999671e-02 2.269259259259260447e-02 5.766545745935211043e-04
2.031250000000000000e-01 1.347656250000000069e-02 1.600000000000000000e+03 3.000000000000000000e+02 6.000000000000000000e+00 6.500000000000000000e+01 2.300000000000000000e+01 1.000000000000000000e+01 3.000000000000000000e+00 8.000000000000000000e+01 5.312166666666665732e-02 3.336345860923851524e-05 9.443851851851851054e-01 5.931281530531292562e-04 8.499466666666667152e+02 5.338153377478150885e-01 4.711600000000000250e+02 1.395232517460003319e+00 7.000666666666666060e+01 6.102456093276730220e-01 7.000666666666666060e+01 6.102456093276730220e-01 4.858333333333333144e+02 7.152570115647890470e-01 6.414666666666666117e+01 5.759156316812512610e-01 2.500000000000000000e+00 1.368697677843187244e-01 3.333333333333333287e-02 1.465656217585881507e-02 2.077192982456139980e-02 5.354221943790833833e-04
5.078125000000000000e-02 1.796874999999999861e-02 4.000000000000000000e+02 4.000000000000000000e+02 6.000000000000000000e+00 6.500000000000000000e+01 2.300000000000000000e+01 1.000000000000000000e+01 3.000000000000000000e+00 8.000000000000000000e+01 1.752583333333333215e-01 3.429238388611369356e-04 5.841944444444445717e-01 1.143079462870457644e-03 7.010333333333333030e+02 1.371695355444549236e+00 2.396333333333333258e+02 1.160896843600447204e+00 9.754666666666666686e+01 7.304541458977829027e-01 9.754666666666666686e+01 7.304541458977829027e-01 2.449266666666666765e+02 1.022941148156917279e+00 8.479333333333333655e+01 6.899466431329092098e-01 1.208599999999999994e+02 7.276769735107591064e-01 1.466666666666666674e-01 2.888546988315006392e-02 1.639750000000000374e-01 6.975234663515707950e-03
6.347656250000000000e-02 1.796874999999999861e-02 5.000000000000000000e+02 4.000000000000000000e+02 6.000000000000000000e+00 6.500000000000000000e+01 2.300000000000000000e+01 1.000000000000000000e+01 3.000000000000000000e+00 8.000000000000000000e+01 1.574866666666666359e-01 2.628555440485079485e-04 6.561944444444440805e-01 1.095231433535448972e-03 7.874333333333332803e+02 1.314277720242539527e+00 2.529466666666666583e+02 1.063862424968218701e+00 1.059333333333333371e+02 7.383264358845119668e-01 1.059333333333333371e+02 7.383264358845119668e-01 3.110799999999999841e+02 1.127653216985513573e+00 9.159999999999999432e+01 6.824791409103855289e-01 9.264000000000000057e+01 6.704081675450492828e-01 2.133333333333333470e-01 3.344868928395870744e-02 1.851037037037036592e-01 7.286374880107485998e-03
7.617187500000000000e-02 1.796874999999999861e-02 6.000000000000000000e+02 4.000000000000000000e+02 6.000000000000000000e+00 6.500000000000000000e+01 2.300000000000000000e+01 1.000000000000000000e+01 3.000000000000000000e+00 8.000000000000000000e+01 1.427755555555556000e-01 2.099852238579731905e-04 7.138777777777776112e-01 1.049926119289866467e-03 8.566533333333333076e+02 1.259911343147839036e+00 2.706533333333333076e+02 1.147712184852657025e+00 1.110266666666666708e+02 7.541262297323774177e-01 1.110266666666666708e+02 7.541262297323774177e-01 3.705533333333333417e+02 1.181995926545591047e+00 9.478000000000000114e+01 7.095457075559765681e-01 6.941333333333332689e+01 6.176073306032034971e-01 2.133333333333333470e-01 3.344868928395871438e-02 1.932333333333333403e-01 7.306413722304637426e-03
8.886718750000000000e-02 1.796874999999999861e-02 7.000000000000000000e+02 4.000000000000000000e+02 6.000000000000000000e+00 6.500000000000000000e+01 2.300000000000000000e+01 1.000000000000000000e+01 3.000000000000000000e+00 8.000000000000000000e+01 1.308542857142858673e-01 1.775901674465570393e-04 7.633166666666668654e-01 1.035942643438249496e-03 9.159800000000000182e+02 1.243131172125899520e+00 2.916333333333333258e+02 1.128909667350332047e+00 1.132733333333333263e+02 7.821847844576349518e-01 1.132733333333333263e+02 7.821847844576349518e-01 4.244933333333333394e+02 1.021273569472793907e+00 9.605333333333332746e+01 7.092272268175124905e-01 5.051333333333333542e+01 5.442006710491734678e-01 2.399999999999999911e-01 3.487119154832542950e-02 2.065878787878788481e-01 7.372830955773915229e-03
1.015625000000000000e-01 1.796874999999999861e-02 8.000000000000000000e+02 4.000000000000000000e+02 6.000000000000000000e+00 6.500000000000000000e+01 2.300000000000000000e+01 1.000000000000000000e+01 3.000000000000000000e+00 8.000000000000000000e+01 1.200949999999999379e-01 1.395860945000531022e-04 8.006333333333330859e-01 9.305739633336874202e-04 9.607599999999999909e+02 1.116688756000424831e+00 3.208066666666666720e+02 1.356947445692120224e+00 1.120933333333333337e+02 7.753620898460089617e-01 1.120933333333333337e+02 7.753620898460089617e-01 4.690199999999999818e+02 1.099190409144638281e+00 9.459333333333333371e+01 7.305460159917929186e-01 3.737333333333333485e+01 4.731498862039539288e-01 1.199999999999999956e-01 2.653299832284321605e-02 1.720055555555554672e-01 6.174160095159376624e-03
1.142578125000000000e-01 1.796874999999999861e-02 9.000000000000000000e+02 4.000000000000000000e+02 6.000000000000000000e+00 6.500000000000000000e+01 2.300000000000000000e+01 1.000000000000000000e+01 3.000000000000000000e+00 8.000000000000000000e+01 1.109622222222222399e-01 1.120495187415177695e-04 8.322166666666664936e-01 8.403713905613841451e-04 9.986599999999999682e+02 1.008445668673660478e+00 3.465000000000000000e+02 1.326574536164478069e+00 1.127800000000000011e+02 8.400460304848380577e-01 1.127800000000000011e+02 8.400460304848380577e-01 5.053199999999999932e+02 1.095011719876397782e+00 9.506000000000000227e+01 7.911302744245795049e-01 2.704666666666666686e+01 4.187108964605708583e-01 1.600000000000000033e-01 2.993325909419157493e-02 1.558256410256410041e-01 5.613280704877589462e-03
1.269531250000000000e-01 1.796874999999999861e-02 1.000000000000000000e+03 4.000000000000000000e+02 6.000000000000000000e+00 6.500000000000000000e+01 2.300000000000000000e+01 1.000000000000000000e+01 3.000000000000000000e+00 8.000000000000000000e+01 1.029473333333333213e-01 9.869232399135616023e-05 8.578944444444446260e-01 8.224360332613011139e-04 1.029473333333333358e+03 9.869232399135612344e-01 3.783999999999999773e+02 1.362611871044396405e+00 1.110266666666666708e+02 7.584162836195301738e-01 1.110266666666666708e+02 7.584162836195301738e-01 5.363533333333333530e+02 1.008282882117102153e+00 9.409333333333333371e+01 7.407711697453714939e-01 1.944666666666666544e+01 3.083341141131255014e-01 1.199999999999999956e-01 2.653299832284321605e-02 1.203666666666666912e-01 5.172839133535483275e-03
1.523437500000000000e-01 1.796874999999999861e-02 1.200000000000000000e+03 4.000000000000000000e+02 6.000000000000000000e+00 6.500000000000000000e+01 2.300000000000000000e+01 1.000000000000000000e+01 3.000000000000000000e+00 8.000000000000000000e+01 8.982277777777779304e-02 7.447054545199525380e-05 8.982277777777780692e-01 7.447054545199531615e-04 1.077873333333333221e+03 8.936465454239429507e-01 4.344933333333333394e+02 1.347714004170408764e+00 1.076866666666666674e+02 7.288430202369695632e-01 1.076866666666666674e+02 7.288430202369695632e-01 5.863666666666666742e+02 1.000285144531483095e+00 9.198666666666666458e+01 7.460108230770843285e-01 1.008666666666666600e+01 2.651518083692461780e-01 8.000000000000000167e-02 2.215099696778151037e-02 8.801249999999996576e-02 3.424615093943648644e-03
1.650390625000000000e-01 1.796874999999999861e-02 1.300000000000000000e+03 4.000000000000000000e+02 6.000000000000000000e+00 6.500000000000000000e+01 2.300000000000000000e+01 1.000000000000000000e+01 3.000000000000000000e+00 8.000000000000000000e+01 8.427743589743588726e-02 6.844913617294747865e-05 9.130055555555555147e-01 7.415323085402640178e-04 1.095606666666666570e+03 8.898387702483153694e-01 4.648066666666666720e+02 1.351071892705661970e+00 1.059933333333333394e+02 7.649253655192864709e-01 1.059933333333333394e+02 7.649253655192864709e-01 6.047599999999999909e+02 1.024269061873446685e+00 9.104666666666666686e+01 7.448392319698803332e-01 8.066666666666666430e+00 2.447069297782175079e-01 4.000000000000000083e-02 1.599999999999997952e-02 6.814117647058826055e-02 2.346999556969541455e-03
1.777343750000000000e-01 1.796874999999999861e-02 1.400000000000000000e+03 4.000000000000000000e+02 6.000000000000000000e+00 6.500000000000000000e+01 2.300000000000000000e+01 1.000000000000000000e+01 3.000000000000000000e+00 8.000000000000000000e+01 7.931571428571435045e-02 5.742497817077364615e-05 9.253499999999998948e-01 6.699580786590261360e-04 1.110420000000000073e+03 8.039496943908321924e-01 4.916333333333333258e+02 1.488367238633341083e+00 1.034466666666666725e+02 7.001927776876347709e-01 1.034466666666666725e+02 7.001927776876347709e-01 6.209199999999999591e+02 9.588196447252795851e-01 8.965333333333333599e+01 6.990143324975797157e-01 5.820000000000000284e+00 2.050625920704864380e-01 9.333333333333333759e-02 2.375180305046648011e-02 5.514814814814814753e-02 2.001225047768309413e-03
1.904296875000000000e-01 1.796874999999999861e-02 1.500000000000000000e+03 4.000000000000000000e+02 6.000000000000000000e+00 6.500000000000000000e+01 2.300000000000000000e+01 1.000000000000000000e+01 3.000000000000000000e+00 8.000000000000000000e+01 7.487066666666671033e-02 4.487009507565993278e-05 9.358833333333338445e-01 5.608761884457498645e-04 1.123059999999999945e+03 6.730514261348993221e-01 5.152933333333332939e+02 1.505413835068223127e+00 1.008599999999999994e+02 7.933070023641540791e-01 1.008599999999999994e+02 7.933070023641540791e-01 6.349400000000000546e+02 9.737090599010223002e-01 8.818666666666666742e+01 7.376471102493785681e-01 4.513333333333333641e+00 1.669961188282641507e-01 4.666666666666666879e-02 1.722186379555339444e-02 4.672280701754385340e-02 1.484506184866380037e-03
2.031250000000000000e-01 1.796874999999999861e-02 1.600000000000000000e+03 4.000000000000000000e+02 6.000000000000000000e+00 6.500000000000000000e+01 2.300000000000000000e+01 1.000000000000000000e+01 3.000000000000000000e+00 8.000000000000000000e+01 7.077208333333331880e-02 4.490784029955526853e-05 9.436277777777777320e-01 5.987712039940715301e-04 1.132353333333333239e+03 7.185254447928862698e-01 5.416133333333333439e+02 1.397959995188756688e+00 9.754666666666666686e+01 7.443766469957213694e-01 9.754666666666666686e+01 7.443766469957213694e-01 6.470866666666667015e+02 1.028177964131660405e+00 8.532666666666666799e+01 7.456836783436714411e-01 3.540000000000000036e+00 1.513289279828693157e-01 4.000000000000000083e-02 1.599999999999998646e-02 4.089999999999999192e-02 1.510562809021856467e-03
5.078125000000000000e-02 2.246093750000000000e-02 4.000000000000000000e+02 5.000000000000000000e+02 6.000000000000000000e+00 6.500000000000000000e+01 2.300000000000000000e+01 1.000000000000000000e+01 3.000000000000000000e+00 8.000000000000000000e+01 2.166349999999999942e-01 3.643382890788300675e-04 5.776933333333331699e-01 9.715687708768796019e-04 8.665399999999999636e+02 1.457353156315318143e+00 2.502400000000000091e+02 1.270509259225519161e+00 1.260733333333333377e+02 8.639494155288216515e-01 1.260733333333333377e+02 8.639494155288216515e-01 2.991466666666666470e+02 1.146216449082872124e+00 1.050133333333333354e+02 7.728151520637128735e-01 1.539733333333333292e+02 9.210113603674638938e-01 5.333333333333333259e-01 4.073400617738519996e-02 3.808962962962963994e-01 1.083530629285535743e-02
6.347656250000000000e-02 2.246093750000000000e-02 5.000000000000000000e+02 5.000000000000000000e+02 6.000000000000000000e+00 6.500000000000000000e+01 2.300000000000000000e+01 1.000000000000000000e+01 3.000000000000000000e+00 8.000000000000000000e+01 1.955893333333332540e-01 3.171808410448619781e-04 6.519644444444443465e-01 1.057269470149539313e-03 9.779466666666667152e+02 1.585904205224310637e+00 2.515666666666666629e+02 1.226174418141115607e+00 1.407400000000000091e+02 9.605290209046266625e-01 1.407400000000000091e+02 9.605290209046266625e-01 3.866666666666666856e+02 1.387969473460875403e+00 1.116066666666666691e+02 8.101520662013831364e-01 1.173066666666666720e+02 8.752877198913465717e-01 8.066666666666666430e-01 3.224443678688933973e-02 5.016266666666666652e-01 9.674353480169062616e-03
7.617187500000000000e-02 2.246093750000000000e-02 6.000000000000000000e+02 5.000000000000000000e+02 6.000000000000000000e+00 6.500000000000000000e+01 2.300000000000000000e+01 1.000000000000000000e+01 3.000000000000000000e+00 8.000000000000000000e+01 1.779866666666666819e-01 2.281569743362487019e-04 7.119466666666667276e-01 9.126278973449948075e-04 1.067920000000000073e+03 1.368941846017490027e+00 2.651666666666666856e+02 1.064389931334342565e+00 1.532466666666666697e+02 8.516617307967428996e-01 1.532466666666666697e+02 8.516617307967428996e-01 4.600799999999999841e+02 1.263980309269975288e+00 1.187466666666666697e+02 8.040003685276467804e-01 8.813333333333333997e+01 6.923497296512424182e-01 9.133333333333333304e-01 2.297180236080101356e-02 5.252363636363638344e-01 8.963530558516655602e-03
8.886718750000000000e-02 2.246093750000000000e-02 7.000000000000000000e+02 5.000000000000000000e+02 6.000000000000000000e+00 6.500000000000000000e+01 2.300000000000000000e+01 1.000000000000000000e+01 3.000000000000000000e+00 8.000000000000000000e+01 1.631200000000001260e-01 2.019500398467509829e-04 7.612266666666668291e-01 9.424335192848381192e-04 1.141839999999999918e+03 1.413650278927257142e+00 2.847466666666666697e+02 1.190823680079060365e+00 1.576666666666666572e+02 1.047098283264190410e+00 1.576666666666666572e+02 1.047098283264190410e+00 5.273266666666667106e+02 1.287874965175550779e+00 1.205799999999999983e+02 8.863041865584924128e-01 6.349333333333333229e+01 6.763790302726665482e-01 9.133333333333333304e-01 2.297180236080100663e-02 5.294944444444443787e-01 8.083613575389040143e-03
1.015625000000000000e-01 2.246093750000000000e-02 8.000000000000000000e+02 5.000000000000000000e+02 6.000000000000000000e+00 6.500000000000000000e+01 2.300000000000000000e+01 1.000000000000000000e+01 3.000000000000000000e+00 8.000000000000000000e+01 1.502900000000000069e-01 1.547144322794599452e-04 8.015466666666666296e-01 8.251436388237857241e-04 1.202319999999999936e+03 1.237715458235678634e+00 3.100133333333333212e+02 1.288995704386140861e+00 1.586666666666666572e+02 8.904264479783039477e-01 1.586666666666666572e+02 8.904264479783039477e-01 5.848600000000000136e+02 1.223402541184943626e+00 1.207600000000000051e+02 7.395301811886307863e-01 4.562666666666666515e+01 5.547809711281792566e-01 9.133333333333333304e-01 2.297180236080100663e-02 5.199999999999996847e-01 8.102077233019281885e-03
1.142578125000000000e-01 2.246093750000000000e-02 9.000000000000000000e+02 5.000000000000000000e+02 6.000000000000000000e+00 6.500000000000000000e+01 2.300000000000000000e+01 1.000000000000000000e+01 3.000000000000000000e+00 8.000000000000000000e+01 1.384874074074073647e-01 1.337720628231188241e-04 8.309244444444445765e-01 8.026323769387130533e-04 1.246386666666666770e+03 1.203948565408069271e+00 3.443133333333333326e+02 1.226236760414803673e+00 1.558533333333333246e+02 9.073226385197112887e-01 1.558533333333333246e+02 9.073226385197112887e-01 6.290800000000000409e+02 1.268087624031644767e+00 1.193266666666666680e+02 8.163058613407473407e-01 3.412666666666666515e+01 4.201900804442004200e-01 8.399999999999999689e-01 2.993325909419158187e-02 4.526095238095235729e-01 8.638712076119286001e-03
1.269531250000000000e-01 2.246093750000000000e-02 1.000000000000000000e+03 5.000000000000000000e+02 6.000000000000000000e+00 6.500000000000000000e+01 2.300000000000000000e+01 1.000000000000000000e+01 3.000000000000000000e+00 8.000000000000000000e+01 1.289646666666666719e-01 1.059691219875620480e-04 8.597644444444444423e-01 7.064608132504133099e-04 1.289646666666666761e+03 1.059691219875620538e+00 3.773666666666666742e+02 1.235346704970504028e+00 1.541933333333333280e+02 8.622810403763918607e-01 1.541933333333333280e+02 8.622810403763918607e-01 6.718533333333333530e+02 1.261617539040582159e+00 1.188933333333333309e+02 9.311472811855593390e-01 2.456666666666666643e+01 3.916252933230568445e-01 7.933333333333333348e-01 3.306111064433610303e-02 4.179333333333336564e-01 8.072500492259562788e-03
1.523437500000000000e-01 2.246093750000000000e-02 1.200000000000000000e+03 5.000000000000000000e+02 6.000000000000000000e+00 6.500000000000000000e+01 2.300000000000000000e+01 1.000000000000000000e+01 3.000000000000000000e+00 8.000000000000000000e+01 1.122792207792207286e-01 8.233837241084624413e-05 8.982337662337658291e-01 6.587069792867699530e-04 1.347350649350649292e+03 9.880604689301561994e-01 4.459350649350649292e+02 1.385650241484127632e+00 1.456558441558441643e+02 8.679649298353058207e-01 1.456558441558441643e+02 8.679649298353058207e-01 7.325844155844156376e+02 1.084928772678761533e+00 1.153376623376623371e+02 8.048397195273876426e-01 1.336363636363636331e+01 2.952679847440692895e-01 5.909090909090909394e-01 3.961958203281655544e-02 2.956646294881589698e-01 8.632217641735386374e-03
1.650390625000000000e-01 2.246093750000000000e-02 1.300000000000000000e+03 5.000000000000000000e+02 6.000000000000000000e+00 6.500000000000000000e+01 2.300000000000000000e+01 1.000000000000000000e+01 3.000000000000000000e+00 8.000000000000000000e+01 1.054461538461538977e-01 6.759511281735970818e-05 9.138666666666661609e-01 5.858243110837845803e-04 1.370799999999999955e+03 8.787364666256768375e-01 4.807066666666666492e+02 1.376938525753311771e+00 1.404000000000000057e+02 7.792303895511262235e-01 1.404000000000000057e+02 7.792303895511262235e-01 7.580466666666666242e+02 1.145981836841391877e+00 1.129733333333333292e+02 7.996636329894749595e-01 9.500000000000000000e+00 2.326179509649053678e-01 3.933333333333333126e-01 3.988501992997891404e-02 2.353222222222221549e-01 7.231866817636954659e-03
1.777343750000000000e-01 2.246093750000000000e-02 1.400000000000000000e+03 5.000000000000000000e+02 6.000000000000000000e+00 6.500000000000000000e+01 2.300000000000000000e+01 1.000000000000000000e+01 3.000000000000000000e+00 8.000000000000000000e+01 9.914761904761913713e-02 5.854496756778687156e-05 9.253777777777781877e-01 5.464196972993453543e-04 1.388066666666666606e+03 8.196295459490182678e-01 5.143799999999999955e+02 1.453567870983517585e+00 1.365133333333333212e+02 8.264912000158874950e-01 1.365133333333333212e+02 8.264912000158874950e-01 7.770266666666666424e+02 1.072979099585891660e+00 1.112066666666666634e+02 8.639597041357719442e-01 7.246666666666667034e+00 2.383156947629979372e-01 2.999999999999999889e-01 3.741657386773938887e-02 1.802982456140350964e-01 6.615296853291340907e-03
1.904296875000000000e-01 2.246093750000000000e-02 1.500000000000000000e+03 5.000000000000000000e+02 6.000000000000000000e+00 6.500000000000000000e+01 2.300000000000000000e+01 1.000000000000000000e+01 3.000000000000000000e+00 8.000000000000000000e+01 9.371066666666669209e-02 5.272179018673232983e-05 9.371066666666666434e-01 5.272179018673226478e-04 1.405660000000000082e+03 7.908268528009847476e-01 5.443266666666667106e+02 1.579662317407437566e+00 1.342199999999999989e+02 7.503403672112185507e-01 1.342199999999999989e+02 7.503403672112185507e-01 7.955266666666666424e+02 1.055217583320211094e+00 1.102266666666666737e+02 7.303665239174502721e-01 5.093333333333333712e+00 1.794675251754271339e-01 1.866666666666666752e-01 3.181427585453026202e-02 1.380733333333333812e-01 5.272554486661547475e-03
2.031250000000000000e-01 2.246093750000000000e-02 1.600000000000000000e+03 5.000000000000000000e+02 6.000000000000000000e+00 6.500000000000000000e+01 2.300000000000000000e+01 1.000000000000000000e+01 3.000000000000000000e+00 8.000000000000000000e+01 8.869916666666664840e-02 4.347088212346973104e-05 9.461244444444441015e-01 4.636894093170093080e-04 1.419186666666666724e+03 6.955341139755145674e-01 5.766599999999999682e+02 1.407372019048268585e+00 1.312733333333333405e+02 8.341008021505244008e-01 1.312733333333333405e+02 8.341008021505244008e-01 8.097799999999999727e+02 1.003764912716119673e+00 1.094800000000000040e+02 8.221770558165137910e-01 3.966666666666666785e+00 1.592807909647940556e-01 1.333333333333333315e-01 2.775554665954839406e-02 1.077238095238095134e-01 4.064329948337039311e-03
5.078125000000000000e-02 2.695312500000000139e-02 4.000000000000000000e+02 6.000000000000000000e+02 6.000000000000000000e+00 6.500000000000000000e+01 2.300000000000000000e+01 1.000000000000000000e+01 3.000000000000000000e+00 8.000000000000000000e+01 2.575000000000000622e-01 3.995274987059368424e-04 5.722222222222218546e-01 8.878388860131929952e-04 1.030000000000000000e+03 1.598109994823746494e+00 2.590733333333333235e+02 1.213007160065582735e+00 1.626666666666666572e+02 9.415668580340688099e-01 1.626666666666666572e+02 9.415668580340688099e-01 3.540799999999999841e+02 1.267912369912754578e+00 1.236066666666666691e+02 8.096032864813985652e-01 1.864066666666666663e+02 9.097055282607376947e-01 9.866666666666666918e-01 9.365025558091341282e-03 6.433933333333333726e-01 6.532223692615734059e-03
6.347656250000000000e-02 2.695312500000000139e-02 5.000000000000000000e+02 6.000000000000000000e+02 6.000000000000000000e+00 6.500000000000000000e+01 2.300000000000000000e+01 1.000000000000000000e+01 3.000000000000000000e+00 8.000000000000000000e+01 2.329493333333333416e-01 2.978034350472238533e-04 6.470814814814817018e-01 8.272317640200657412e-04 1.164746666666666670e+03 1.489017175236118096e+00 2.533933333333333451e+02 1.171851210375813412e+00 1.896399999999999864e+02 1.046912073141240462e+00 1.896399999999999864e+02 1.046912073141240462e+00 4.562400000000000091e+02 1.187029158117955285e+00 1.334933333333333394e+02 8.509731248748447774e-01 1.456999999999999886e+02 8.922256814655510349e-01 1.000000000000000000e+00 0.000000000000000000e+00 7.223212121212119197e-01 4.206501912633063382e-03
7.617187500000000000e-02 2.695312500000000139e-02 6.000000000000000000e+02 6.000000000000000000e+02 6.000000000000000000e+00 6.500000000000000000e+01 2.300000000000000000e+01 1.000000000000000000e+01 3.000000000000000000e+00 8.000000000000000000e+01 2.128966666666665952e-01 2.834516964096896207e-04 7.096555555555559280e-01 9.448389880322985912e-04 1.277380000000000109e+03 1.700710178458137545e+00 2.547666666666666799e+02 1.183719811692189650e+00 2.102466666666666697e+02 1.147129234864791236e+00 2.102466666666666697e+02 1.147129234864791236e+00 5.502866666666666333e+02 1.498512941898413331e+00 1.410999999999999943e+02 8.715630913607013142e-01 1.063733333333333348e+02 7.903611926295561751e-01 1.000000000000000000e+00 0.000000000000000000e+00 7.531222222222220264e-01 3.560328278201276876e-03
8.886718750000000000e-02 2.695312500000000139e-02 7.000000000000000000e+02 6.000000000000000000e+02 6.000000000000000000e+00 6.500000000000000000e+01 2.300000000000000000e+01 1.000000000000000000e+01 3.000000000000000000e+00 8.000000000000000000e+01 1.955333333333334478e-01 2.110922536034141655e-04 7.604074074074075318e-01 8.209143195688327213e-04 1.368733333333333348e+03 1.477645775223898506e+00 2.670400000000000205e+02 1.175032103580342380e+00 2.224533333333333474e+02 1.109818270075147773e+00 2.224533333333333474e+02 1.109818270075147773e+00 6.311533333333333076e+02 1.318643635345440046e+00 1.449933333333333394e+02 9.216649989938701104e-01 7.638666666666667027e+01 5.951497788450056392e-01 1.000000000000000000e+00 0.000000000000000000e+00 7.508666666666672374e-01 2.939882384965683028e-03
1.015625000000000000e-01 2.695312500000000139e-02 8.000000000000000000e+02 6.000000000000000000e+02 6.000000000000000000e+00 6.500000000000000000e+01 2.300000000000000000e+01 1.000000000000000000e+01 3.000000000000000000e+00 8.000000000000000000e+01 1.802491666666666825e-01 1.734274450705647450e-04 8.011074074074072682e-01 7.707886447580648706e-04 1.441993333333333339e+03 1.387419560564516763e+00 2.897200000000000273e+02 1.270314746649646942e+00 2.265266666666666708e+02 1.178650703763196805e+00 2.265266666666666708e+02 1.178650703763196805e+00 7.010266666666666424e+02 1.351770745410681096e+00 1.451333333333333258e+02 8.698744055790359475e-01 5.550666666666666771e+01 6.143286609818101596e-01 1.000000000000000000e+00 0.000000000000000000e+00 7.426809523809523306e-01 2.759965958798472549e-03
1.142578125000000000e-01 2.695312500000000139e-02 9.000000000000000000e+02 6.000000000000000000e+02 6.000000000000000000e+00 6.500000000000000000e+01 2.300000000000000000e+01 1.000000000000000000e+01 3.000000000000000000e+00 8.000000000000000000e+01 1.666659259259259673e-01 1.405437087347886297e-04 8.333296296296297534e-01 7.027185436739438263e-04 1.499993333333333339e+03 1.264893378613098029e+00 3.240866666666666447e+02 1.139198028504327942e+00 2.226999999999999886e+02 1.020707815412640551e+00 2.226999999999999886e+02 1.020707815412640551e+00 7.581200000000000045e+02 1.306085585080685174e+00 1.441933333333333280e+02 8.858741654642813268e-01 4.087333333333333485e+01 5.318560094751351164e-01 1.000000000000000000e+00 0.000000000000000000e+00 7.173422222222226585e-01 2.795558994286290091e-03
1.269531250000000000e-01 2.695312500000000139e-02 1.000000000000000000e+03 6.000000000000000000e+02 6.000000000000000000e+00 6.500000000000000000e+01 2.300000000000000000e+01 1.000000000000000000e+01 3.000000000000000000e+00 8.000000000000000000e+01 1.547846666666665705e-01 1.287158340140245666e-04 8.599148148148147985e-01 7.150879667445807567e-04 1.547846666666666579e+03 1.287158340140246215e+00 3.563866666666666561e+02 1.283910231083731812e+00 2.190466666666666526e+02 1.096553658480024396e+00 2.190466666666666526e+02 1.096553658480024396e+00 8.043600000000000136e+02 1.381698793353875798e+00 1.449533333333333474e+02 9.501502415310337790e-01 2.883333333333333215e+01 4.271264883345883834e-01 1.000000000000000000e+00 0.000000000000000000e+00 6.807458333333333833e-01 3.119560246935335849e-03
1.523437500000000000e-01 2.695312500000000139e-02 1.200000000000000000e+03 6.000000000000000000e+02 6.000000000000000000e+00 6.500000000000000000e+01 2.300000000000000000e+01 1.000000000000000000e+01 3.000000000000000000e+00 8.000000000000000000e+01 1.351227777777777583e-01 8.168252554508755947e-05 9.008185185185179078e-01 5.445501703005835130e-04 1.621473333333333358e+03 9.801903065410494387e-01 4.350600000000000023e+02 1.340455312363841855e+00 2.024533333333333474e+02 9.066464050023602672e-01 2.024533333333333474e+02 9.066464050023602672e-01 8.829400000000000546e+02 1.257377517781442577e+00 1.389666666666666686e+02 8.686856824046396142e-01 1.460666666666666735e+01 2.733978243702213651e-01 1.000000000000000000e+00 0.000000000000000000e+00 5.986407407407405845e-01 4.272499667231457500e-03
1.650390625000000000e-01 2.695312500000000139e-02 1.300000000000000000e+03 6.000000000000000000e+02 6.000000000000000000e+00 6.500000000000000000e+01 2.300000000000000000e+01 1.000000000000000000e+01 3.000000000000000000e+00 8.000000000000000000e+01 1.266405128205128072e-01 7.494726321795537919e-05 9.146259259259256202e-01 5.412857899074561413e-04 1.646326666666666597e+03 9.743144218334212070e-01 4.734133333333333553e+02 1.531627650331260915e+00 1.940399999999999920e+02 8.581571987566017912e-01 1.940399999999999920e+02 8.581571987566017912e-01 9.094533333333333758e+02 1.218399192626370420e+00 1.372333333333333201e+02 8.790609467768136787e-01 1.150666666666666593e+01 2.710877949900966644e-01 9.933333333333332904e-01 6.644407283433787469e-03 5.400842105263156112e-01 4.901899004509935320e-03
1.777343750000000000e-01 2.695312500000000139e-02 1.400000000000000000e+03 6.000000000000000000e+02 6.000000000000000000e+00 6.500000000000000000e+01 2.300000000000000000e+01 1.000000000000000000e+01 3.000000000000000000e+00 8.000000000000000000e+01 1.191619047619046495e-01 6.561644430065239762e-05 9.268148148148149801e-01 5.103501223384074347e-04 1.668266666666666652e+03 9.186302202091337632e-01 5.133799999999999955e+02 1.441316373628249936e+00 1.844133333333333269e+02 9.548559712992978898e-01 1.844133333333333269e+02 9.548559712992978898e-01 9.349533333333333758e+02 1.111169020713137501e+00 1.334866666666666788e+02 8.893311677468211940e-01 8.453333333333333144e+00 2.308605479344458811e-01 9.399999999999999467e-01 1.939071942966530404e-02 4.863533333333332487e-01 4.711955354124152187e-03
1.904296875000000000e-01 2.695312500000000139e-02 1.500000000000000000e+03 6.000000000000000000e+02 6.000000000000000000e+00 6.500000000000000000e+01 2.300000000000000000e+01 1.000000000000000000e+01 3.000000000000000000e+00 8.000000000000000000e+01 1.125040000000000207e-01 5.360479064642368821e-05 9.375333333333331076e-01 4.467065887201974853e-04 1.687559999999999945e+03 8.040718596963549736e-01 5.504333333333332803e+02 1.525324494923888441e+00 1.780666666666666629e+02 8.594916671649155404e-01 1.780666666666666629e+02 8.594916671649155404e-01 9.547466666666666697e+02 1.056795435546819206e+00 1.329133333333333269e+02 8.415296478129264957e-01 6.186666666666666536e+00 2.125792227051503391e-01 8.399999999999999689e-01 2.993325909419157493e-02 4.081111111111112577e-01 6.901628797157227310e-03
2.031250000000000000e-01 2.695312500000000139e-02 1.600000000000000000e+03 6.000000000000000000e+02 6.000000000000000000e+00 6.500000000000000000e+01 2.300000000000000000e+01 1.000000000000000000e+01 3.000000000000000000e+00 8.000000000000000000e+01 1.065133333333333349e-01 4.773911549398616511e-05 9.467851851851853962e-01 4.243476932798770774e-04 1.704213333333333367e+03 7.638258479037786097e-01 5.894800000000000182e+02 1.599603284150999949e+00 1.704266666666666765e+02 8.702667109272582691e-01 1.704266666666666765e+02 8.702667109272582691e-01 9.739666666666666970e+02 1.051999859174754803e+00 1.303199999999999932e+02 8.074277401449344582e-01 4.419999999999999929e+00 1.784550986164929187e-01 7.533333333333332993e-01 3.519680120145603219e-02 3.427606060606060434e-01 7.128166941258800085e-03
